ID,NAME,PROJECt,AGE,SEX,FAMILY,START,FRIENDS,WORK,PROJECT
2611,Name2611,,40,F,0,,6,29,
1850,Name1850,,10,F,5,,6,0,Maji
1939,Name1939,,12,F,7,,6,0,Maji
873,Name873,,11,F,2,,6,0,Maji
2046,Name2046,,8,F,3,,6,0,Maji
506,Name506,,9,M,4,,6,0,Maji
428,Name428,,9,F,8,,6,0,Maji
601,Name601,,13,F,0,,15,0,Maji
247,Name247,,9,F,4,,15,0,Maji
910,Name910,,38,M,2,,15,0,Maji
2474,Name2474,,26,F,1,,15,0,Maji
2047,Name2047,,14,M,2,,15,0,Maji
2421,Name2421,,8,F,6,,15,0,Maji
1949,Name1949,,14,M,3,,15,0,Maji
339,Name339,,11,F,3,,15,0,Maji
2453,Name2453,,11,M,3,,15,0,Maji
2377,Name2377,,10,F,4,,15,0,Maji
780,Name780,,9,M,2,,15,0,Maji
1619,Name1619,,11,F,7,,15,0,Maji
1654,Name1654,,9,F,6,,15,0,Maji
2508,Name2508,,13,F,5,,15,0,Maji
657,Name657,,15,M,3,,15,0,Maji
266,Name266,,37,F,5,,15,0,Maji
901,Name901,,4,F,4,,14,0,Maji
2193,Name2193,,13,F,4,,14,0,Maji
2739,Name2739,,13,M,3,,14,0,
1332,Name1332,,61,M,1,,14,0,Maji
732,Name732,,12,F,3,,14,0,Maji
1107,Name1107,,10,F,5,,14,0,Maji
763,Name763,,32,F,5,,14,0,Maji
2016,Name2016,,90,F,6,,14,0,Maji
2779,Name2779,,12,M,6,,14,3,
1516,Name1516,,9,M,6,,14,0,Maji
1030,Name1030,,13,M,1,,14,0,Maji
281,Name281,,10,M,2,,14,0,Maji
2671,Name2671,,11,F,2,,14,0,
423,Name423,,10,F,4,,14,0,Maji
87,Name87,,12,F,6,,14,0,Maji
2328,Name2328,,45,F,1,,16,0,Maji
1447,Name1447,,12,F,3,,16,0,Maji
1350,Name1350,,22,M,5,,16,0,Maji
1364,Name1364,,20,F,6,,16,0,Maji
252,Name252,,7,F,1,,16,0,Maji
2323,Name2323,,13,M,3,,16,0,Maji
1432,Name1432,,9,F,3,,16,0,Maji
931,Name931,,7,F,5,,16,0,Maji
576,Name576,,10,F,4,,16,0,Maji
1957,Name1957,,10,F,4,,16,0,Maji
1359,Name1359,,13,F,4,,16,0,Maji
2400,Name2400,,7,M,0,,16,0,Maji
2355,Name2355,,14,F,5,,16,0,Maji
817,Name817,,13,M,5,,16,0,Maji
1636,Name1636,,12,F,6,,16,0,Maji
1703,Name1703,,11,F,3,,16,0,Maji
2359,Name2359,,13,F,3,,16,0,Maji
1241,Name1241,,11,M,2,,18,0,Maji
1391,Name1391,,14,M,3,,18,0,Maji
1296,Name1296,,9,F,1,,18,0,Maji
51,Name51,,11,M,5,,18,0,Maji
2144,Name2144,,35,F,5,,18,0,Maji
1475,Name1475,,28,F,6,,18,0,Maji
748,Name748,,13,F,2,,18,0,Maji
334,Name334,,11,F,6,,18,0,Maji
327,Name327,,8,M,6,,18,0,Maji
1639,Name1639,,11,M,5,,18,0,Maji
2335,Name2335,,46,F,3,,18,0,Maji
1893,Name1893,,23,F,6,,18,0,Maji
2432,Name2432,,12,M,0,,18,0,Maji
2772,Name2772,,12,F,4,,18,0,
1794,Name1794,,13,F,6,,18,0,Maji
324,Name324,,10,M,3,,18,0,Maji
2067,Name2067,,15,F,3,,18,0,Maji
966,Name966,,12,M,1,,18,17,Maji
2448,Name2448,,13,M,0,,18,0,Maji
1585,Name1585,,11,M,6,,12,0,Maji
581,Name581,,8,M,3,,12,0,Maji
355,Name355,,12,F,5,,12,0,Maji
262,Name262,,9,F,4,,12,0,Maji
2721,Name2721,,10,F,5,,12,0,
1459,Name1459,,13,M,4,,12,0,Maji
484,Name484,,26,F,4,,12,0,Maji
720,Name720,,11,F,3,,12,0,Maji
858,Name858,,10,F,2,,12,0,Maji
1830,Name1830,,13,F,3,,12,0,Maji
2840,Name2840,,7,F,6,,12,0,
824,Name824,,25,F,4,,12,0,Maji
2093,Name2093,,12,M,4,,28,0,Maji
1309,Name1309,,14,F,6,,28,0,Maji
2796,Name2796,,9,M,2,,28,0,
2180,Name2180,,10,M,6,,28,0,Maji
790,Name790,,9,M,6,,28,0,Maji
2036,Name2036,,55,F,4,,28,0,Maji
1038,Name1038,,23,F,6,,28,0,Maji
1200,Name1200,,34,F,3,,28,0,Maji
1322,Name1322,,15,F,4,,28,0,Maji
1049,Name1049,,11,F,3,,28,0,Maji
90,Name90,,13,M,3,,28,0,Maji
1583,Name1583,,31,M,4,,28,0,Maji
2264,Name2264,,37,M,4,,28,0,Maji
741,Name741,,7,M,1,,28,0,Maji
198,Name198,,56,F,6,,28,0,Maji
648,Name648,,46,F,3,,28,0,Maji
1706,Name1706,,9,M,1,,28,0,Maji
909,Name909,,7,F,1,,28,0,Maji
29,Name29,,27,F,3,,28,0,Maji
316,Name316,,46,M,6,,28,0,Maji
2236,Name2236,,34,F,3,,28,0,Maji
683,Name683,,11,M,5,,28,0,Maji
911,Name911,,14,F,5,,28,0,Maji
971,Name971,,9,F,4,,28,0,Maji
2033,Name2033,,12,F,4,,28,0,Maji
1669,Name1669,,10,F,6,,28,0,Maji
307,Name307,,13,F,2,,28,0,Maji
1198,Name1198,,8,F,2,,28,0,Maji
2786,Name2786,,24,F,3,,28,0,
2260,Name2260,,12,F,2,,4,7,Maji
1164,Name1164,,12,F,3,,4,4,Maji
1594,Name1594,,10,M,4,,4,0,Maji
1741,Name1741,,6,M,4,,4,0,Maji
864,Name864,,15,M,3,,4,0,Maji
1431,Name1431,,8,F,7,,7,0,Maji
1786,Name1786,,12,M,2,,7,0,Maji
2091,Name2091,,10,M,5,,7,0,Maji
134,Name134,,13,F,4,,7,0,Maji
2655,Name2655,,11,F,5,,7,0,
1664,Name1664,,13,M,4,,7,0,Maji
104,Name104,,13,F,6,,7,0,Maji
2462,Name2462,,13,F,5,,7,0,Maji
796,Name796,,13,F,1,,5,0,Maji
30,Name30,,10,M,4,,5,0,Maji
1214,Name1214,,12,M,4,,5,0,Maji
1363,Name1363,,10,F,6,,5,0,Maji
2357,Name2357,,15,M,6,,5,0,Maji
963,Name963,,37,M,2,,5,0,Maji
1965,Name1965,,10,F,3,,21,0,Maji
2589,Name2589,,9,M,6,,21,0,Maji
1502,Name1502,,13,F,4,,21,0,Maji
1738,Name1738,,4,M,2,,21,0,Maji
2437,Name2437,,14,F,3,,21,0,Maji
2247,Name2247,,11,M,3,,21,8,Maji
1844,Name1844,,30,F,7,,21,0,Maji
109,Name109,,12,M,3,,21,0,Maji
124,Name124,,10,F,2,,21,0,Maji
1081,Name1081,,14,F,4,,21,0,Maji
212,Name212,,9,M,6,,21,0,Maji
552,Name552,,12,F,6,,21,0,Maji
520,Name520,,8,M,5,,21,0,Maji
1536,Name1536,,12,M,2,,21,0,Maji
409,Name409,,13,F,2,,21,0,Maji
1033,Name1033,,14,M,4,,21,0,Maji
2273,Name2273,,12,M,5,,21,0,Maji
1529,Name1529,,22,F,1,,21,0,Maji
2704,Name2704,,9,M,6,,21,0,
2416,Name2416,,13,M,5,,21,0,Maji
1849,Name1849,,11,M,1,,21,0,Maji
2140,Name2140,,12,M,2,,17,0,Maji
2680,Name2680,,54,M,3,,17,0,
2320,Name2320,,10,F,2,,17,0,Maji
859,Name859,,10,M,1,,17,0,Maji
1291,Name1291,,30,M,6,,17,0,Maji
1618,Name1618,,9,M,3,,17,0,Maji
2087,Name2087,,12,F,5,,17,0,Maji
706,Name706,,9,F,0,,17,0,Maji
17,Name17,,9,M,6,,17,0,Maji
1672,Name1672,,10,F,6,,17,0,Maji
641,Name641,,12,M,3,,17,0,Maji
766,Name766,,13,M,3,,17,0,Maji
2755,Name2755,,11,M,7,,17,0,
1895,Name1895,,13,M,2,,17,0,Maji
773,Name773,,11,M,6,,17,0,Maji
1182,Name1182,,12,M,3,,17,0,Maji
2823,Name2823,,12,F,7,,17,0,
593,Name593,,9,M,0,,17,0,Maji
496,Name496,,12,M,5,,23,0,Maji
1930,Name1930,,12,M,4,,23,0,Maji
2618,Name2618,,8,M,2,,23,0,
192,Name192,,13,M,4,,23,0,Maji
306,Name306,,10,F,4,,23,0,Maji
2085,Name2085,,10,M,6,,23,28,Maji
2204,Name2204,,8,M,3,,23,0,Maji
1484,Name1484,,15,F,3,,23,0,Maji
921,Name921,,10,F,3,,23,0,Maji
1925,Name1925,,11,F,3,,23,0,Maji
2590,Name2590,,10,M,7,,23,0,Maji
217,Name217,,13,M,6,,23,7,Maji
1783,Name1783,,10,F,4,,23,0,Maji
434,Name434,,12,F,4,,23,0,Maji
775,Name775,,39,M,4,,23,0,Maji
533,Name533,,12,F,1,,23,0,Maji
2787,Name2787,,14,M,3,,23,0,
1558,Name1558,,10,F,7,,23,0,Maji
282,Name282,,7,F,4,,23,4,Maji
992,Name992,,12,M,4,,23,0,Maji
2546,Name2546,,13,F,2,,23,0,Maji
1646,Name1646,,12,M,5,,23,0,Maji
6,Name6,,24,M,4,,23,0,Maji
2131,Name2131,,14,F,7,,23,0,Maji
1608,Name1608,,9,F,2,,9,0,Maji
476,Name476,,13,F,4,,9,0,Maji
2358,Name2358,,11,F,6,,9,0,Maji
25,Name25,,19,M,4,,9,0,Maji
1351,Name1351,,11,F,2,,9,0,Maji
360,Name360,,9,F,2,,9,0,Maji
143,Name143,,8,M,6,,9,0,Maji
1180,Name1180,,14,F,5,,9,0,Maji
1495,Name1495,,11,F,5,,9,0,Maji
2804,Name2804,,8,F,5,,9,0,
225,Name225,,12,M,3,,2,0,Maji
2362,Name2362,,10,F,6,,2,0,Maji
142,Name142,,26,F,4,,2,0,Maji
2270,Name2270,,11,F,4,,13,0,Maji
1582,Name1582,,4,F,4,,13,0,Maji
1915,Name1915,,10,F,6,,13,0,Maji
1471,Name1471,,12,F,2,,13,14,Maji
2475,Name2475,,60,F,6,,13,0,Maji
2825,Name2825,,27,F,3,,13,0,
991,Name991,,40,M,4,,13,0,Maji
1867,Name1867,,13,F,5,,13,0,Maji
1950,Name1950,,10,M,4,,13,0,Maji
2601,Konsolata Kibumu,,55,F,5,2018.0,13,22,MiFiMa
1722,Name1722,,12,M,5,,13,0,Maji
2459,Name2459,,13,M,5,,13,0,Maji
329,Name329,,11,F,2,,13,0,Maji
2481,Name2481,,12,F,1,,13,0,Maji
794,Name794,,11,F,2,,1,16,Maji
794,Name794,,11,F,2,,2,16,Maji
794,Name794,,11,F,2,,3,0,Maji
794,Name794,,11,F,2,,1,0,Maji
794,Name794,,11,F,2,,3,16,Maji
794,Name794,,11,F,2,,2,0,Maji
794,Name794,,11,F,2,,0,0,Maji
2034,Name2034,,35,F,6,,0,8,Maji
1504,Name1504,,12,F,2,,0,11,Maji
1713,Name1713,,12,F,3,,0,6,Maji
91,Name91,,12,F,7,,0,28,Maji
2639,Name2639,,9,F,6,,0,10,
1228,Name1228,,8,M,2,,0,11,Maji
270,Name270,,10,F,4,,0,28,Maji
203,Name203,,13,F,7,,0,19,Maji
2218,Name2218,,12,F,3,,0,12,Maji
550,Name550,,7,F,5,,0,23,Maji
335,Name335,,12,F,3,,0,17,Maji
2324,Name2324,,7,M,3,,0,17,Maji
269,Name269,,13,F,4,,0,22,Maji
2258,Name2258,,11,F,4,,0,28,Maji
2268,Name2268,,11,F,6,,0,4,Maji
1524,Name1524,,9,F,4,,0,6,Maji
2719,Name2719,,11,F,0,,0,25,
2059,Name2059,,8,F,4,,0,14,Maji
449,Name449,,49,F,2,,0,21,Maji
1951,Name1951,,13,F,7,,0,19,Maji
1175,Name1175,,56,F,6,,0,13,Maji
1575,Name1575,,12,F,4,,0,6,Maji
2269,Name2269,,9,F,2,,0,17,Maji
2331,Name2331,,78,M,6,,0,25,Maji
2425,Name2425,,11,M,0,,0,21,Maji
1153,Name1153,,12,F,3,,0,7,Maji
1290,Name1290,,10,F,4,,0,24,Maji
2584,Name2584,,12,M,3,,0,12,Maji
616,Name616,,12,F,6,,0,14,Maji
1866,Name1866,,7,M,3,,0,19,Maji
1526,Name1526,,11,F,7,,0,14,Maji
1226,Name1226,,14,F,6,,0,19,Maji
276,Name276,,12,M,5,,0,9,Maji
2777,Name2777,,11,M,4,,0,21,
2619,Name2619,,12,F,4,,0,8,
1154,Name1154,,10,M,3,,0,6,Maji
578,Name578,,11,F,3,,0,6,Maji
458,Name458,,9,F,4,,0,28,Maji
1595,Name1595,,11,M,3,,0,9,Maji
1586,Name1586,,12,F,2,,0,7,Maji
2533,Name2533,,10,M,6,,0,11,Maji
341,Name341,,11,M,5,,0,25,Maji
2191,Name2191,,13,M,6,,0,24,Maji
2007,Name2007,,14,M,2,,0,2,Maji
1282,Name1282,,21,F,1,,0,15,Maji
1920,Name1920,,12,F,1,,0,19,Maji
172,Name172,,24,M,1,,0,29,Maji
2520,Name2520,,16,M,1,,0,12,Maji
185,Name185,,13,F,3,,0,8,Maji
1100,Name1100,,14,F,4,,0,7,Maji
1996,Name1996,,9,M,1,,0,29,Maji
2642,Name2642,,35,F,1,,0,6,
2617,Name2617,,25,F,4,,0,17,
2612,Name2612,,11,F,5,,0,3,
2800,Name2800,,11,F,2,,0,9,
2393,Name2393,,13,M,5,,0,9,Maji
1981,Name1981,,40,F,6,,0,4,Maji
1846,Name1846,,9,F,5,,0,22,Maji
2464,Name2464,,27,M,4,,0,22,Maji
1837,Name1837,,7,F,2,,0,6,Maji
2646,Name2646,,11,F,4,,0,15,
356,Name356,,25,M,4,,0,13,Maji
937,Name937,,9,F,2,,0,19,Maji
2682,Name2682,,12,F,3,,0,14,
1201,Name1201,,9,F,7,,0,8,Maji
119,Name119,,49,M,8,,0,7,Maji
254,Name254,,9,F,3,,0,5,Maji
1473,Name1473,,11,F,3,,0,11,Maji
479,Name479,,12,F,3,,0,15,Maji
1603,Name1603,,13,F,1,,0,8,Maji
1052,Name1052,,10,F,3,,0,4,Maji
1714,Name1714,,13,F,4,,0,12,Maji
554,Name554,,9,M,5,,0,17,Maji
804,Name804,,9,F,2,,0,2,Maji
218,Name218,,6,F,5,,0,18,Maji
2491,Name2491,,12,M,3,,0,4,Maji
2107,Name2107,,41,F,4,,0,15,Maji
1372,Name1372,,12,M,3,,0,20,Maji
1659,Name1659,,25,M,1,,0,3,Maji
2652,Name2652,,13,M,4,,0,10,
707,Name707,,14,F,3,,0,8,Maji
1017,Name1017,,9,F,3,,0,22,Maji
2184,Name2184,,12,F,6,,0,7,Maji
1192,Name1192,,12,F,6,,0,13,Maji
2203,Name2203,,8,F,3,,0,6,Maji
2735,Name2735,,13,M,6,,0,20,
1009,Name1009,,12,F,7,,0,5,Maji
2005,Name2005,,13,F,4,,0,2,Maji
450,Name450,,13,F,6,,0,7,Maji
2127,Name2127,,13,F,3,,0,7,Maji
813,Name813,,27,F,0,,0,6,Maji
828,Name828,,10,F,1,,0,28,Maji
1609,Name1609,,12,M,2,,0,9,Maji
232,Name232,,7,F,2,,0,29,Maji
1929,Name1929,,37,F,6,,0,2,Maji
2313,Name2313,,12,F,5,,0,23,Maji
970,Name970,,11,F,5,,0,17,Maji
857,Name857,,9,M,4,,0,4,Maji
296,Name296,,11,F,6,,0,21,Maji
2340,Name2340,,24,M,4,,0,25,Maji
2365,Name2365,,13,F,6,,0,5,Maji
1556,Name1556,,12,M,1,,0,13,Maji
1256,Name1256,,13,F,0,,0,21,Maji
1222,Name1222,,9,F,3,,0,26,Maji
2112,Name2112,,9,M,2,,0,29,Maji
1137,Name1137,,11,F,8,,0,20,Maji
646,Name646,,8,F,4,,0,12,Maji
391,Name391,,13,F,4,,0,25,Maji
2558,Name2558,,8,M,4,,0,22,Maji
2408,Name2408,,10,F,5,,0,27,Maji
2262,Name2262,,12,F,3,,0,29,Maji
1876,Name1876,,22,M,4,,0,7,Maji
392,Name392,,13,M,4,,0,20,Maji
2582,Name2582,,9,F,6,,0,14,Maji
2098,Name2098,,56,M,6,,0,25,Maji
2738,Name2738,,11,F,2,,0,24,
726,Name726,,9,F,5,,0,23,Maji
2371,Name2371,,8,M,5,,0,21,Maji
1548,Name1548,,21,F,4,,0,23,Maji
1417,Name1417,,12,M,1,,0,19,Maji
149,Name149,,12,M,2,,0,20,Maji
2008,Name2008,,13,F,5,,0,19,Maji
41,Name41,,27,M,6,,0,21,Maji
1259,Name1259,,9,F,6,,0,18,Maji
944,Name944,,11,F,0,,0,20,Maji
156,Name156,,15,M,6,,0,22,Maji
429,Name429,,10,F,1,,0,2,Maji
886,Name886,,9,M,1,,0,12,Maji
154,Name154,,10,M,3,,0,11,Maji
2687,Name2687,,11,F,6,,0,11,
952,Name952,,11,F,4,,0,20,Maji
2139,Name2139,,32,F,4,,0,18,Maji
2111,Name2111,,9,M,4,,0,6,Maji
2109,Name2109,,12,F,2,,0,8,Maji
459,Name459,,11,M,2,,0,2,Maji
1392,Name1392,,13,M,6,,0,20,Maji
264,Name264,,13,F,3,,0,25,Maji
935,Name935,,10,M,4,,0,20,Maji
2766,Name2766,,46,F,3,,0,17,
2242,Name2242,,13,M,5,,0,22,Maji
1845,Name1845,,13,F,5,,0,15,Maji
136,Name136,,13,M,2,,0,10,Maji
50,Name50,,8,F,5,,0,19,Maji
2105,Name2105,,9,F,6,,0,3,Maji
2727,Name2727,,12,M,7,,0,19,
2579,Name2579,,8,M,4,,0,24,Maji
1036,Name1036,,12,F,6,,0,25,Maji
1907,Name1907,,12,F,6,,0,4,Maji
2060,Name2060,,27,F,3,,0,18,Maji
2422,Name2422,,10,F,6,,0,12,Maji
2298,Name2298,,12,F,3,,0,20,Maji
2435,Name2435,,8,M,8,,0,28,Maji
1697,Name1697,,16,M,3,,0,22,Maji
1368,Name1368,,13,M,3,,0,23,Maji
482,Name482,,35,F,4,,0,25,Maji
914,Name914,,10,F,2,,0,4,Maji
2299,Name2299,,12,F,5,,0,10,Maji
1491,Name1491,,10,F,2,,0,18,Maji
2828,Name2828,,11,M,6,,0,8,
2784,Name2784,,28,M,3,,0,24,
788,Name788,,10,F,4,,0,13,Maji
1225,Name1225,,13,M,1,,0,14,Maji
1233,Name1233,,50,M,2,,0,27,Maji
2560,Name2560,,10,F,5,,0,24,Maji
239,Name239,,30,F,5,,0,20,Maji
2518,Name2518,,12,M,4,,0,20,Maji
545,Name545,,11,F,6,,0,19,Maji
2406,Name2406,,8,F,3,,0,7,Maji
1263,Name1263,,10,F,2,,0,3,Maji
89,Name89,,9,F,6,,0,19,Maji
1476,Name1476,,10,M,3,,0,4,Maji
588,Name588,,12,F,5,,0,4,Maji
2333,Name2333,,8,F,2,,0,6,Maji
2758,Name2758,,45,M,3,,0,20,
525,Name525,,10,M,1,,0,26,Maji
1108,Name1108,,7,F,4,,0,5,Maji
2070,Name2070,,8,M,6,,0,28,Maji
1961,Name1961,,12,F,3,,0,26,Maji
990,Name990,,8,F,0,,0,13,Maji
384,Name384,,13,F,2,,0,9,Maji
106,Name106,,45,F,2,,0,7,Maji
2035,Name2035,,10,F,3,,0,16,Maji
2345,Name2345,,9,M,4,,0,11,Maji
2149,Name2149,,12,M,6,,0,27,Maji
24,Name24,,12,F,5,,0,14,Maji
2272,Name2272,,27,F,4,,0,4,Maji
1311,Name1311,,13,F,2,,0,10,Maji
132,Name132,,9,F,6,,0,6,Maji
2783,Name2783,,55,M,3,,0,9,
2792,Name2792,,8,F,4,,0,14,
2003,Name2003,,12,F,4,,0,6,Maji
1880,Name1880,,8,F,2,,0,23,Maji
2548,Name2548,,21,M,3,,0,13,Maji
602,Name602,,8,M,3,,0,6,Maji
1079,Name1079,,12,M,4,,0,22,Maji
973,Name973,,13,F,3,,0,3,Maji
1851,Name1851,,8,F,4,,0,29,Maji
58,Name58,,9,F,6,,0,5,Maji
2578,Name2578,,7,M,2,,0,22,Maji
1189,Name1189,,9,F,4,,0,11,Maji
231,Name231,,13,M,3,,0,10,Maji
920,Name920,,7,F,7,,0,20,Maji
1501,Name1501,,10,F,8,,0,21,Maji
1874,Name1874,,40,F,3,,0,14,Maji
1157,Name1157,,9,M,3,,0,20,Maji
1173,Name1173,,9,M,2,,0,8,Maji
2363,Name2363,,13,F,3,,0,22,Maji
2290,Name2290,,13,F,2,,0,3,Maji
1308,Name1308,,8,F,1,,0,27,Maji
2742,Name2742,,14,F,5,,0,4,
1019,Name1019,,22,F,6,,0,15,Maji
754,Name754,,9,F,4,,0,8,Maji
845,Name845,,13,F,2,,0,4,Maji
1509,Name1509,,7,F,6,,0,13,Maji
1704,Name1704,,10,F,2,,0,4,Maji
679,Name679,,25,F,4,,0,2,Maji
440,Name440,,13,M,4,,0,20,Maji
592,Name592,,14,M,3,,0,7,Maji
1769,Name1769,,9,F,4,,0,19,Maji
842,Name842,,13,M,1,,0,29,Maji
2631,Name2631,,12,F,1,,0,19,
343,Name343,,13,M,6,,0,8,Maji
2165,Name2165,,9,F,3,,0,11,Maji
1210,Name1210,,11,M,4,,0,7,Maji
2387,Name2387,,14,F,3,,0,17,Maji
5,Name5,,40,F,4,,0,23,Maji
2207,Name2207,,4,F,2,,0,15,Maji
863,Name863,,11,M,5,,0,12,Maji
2826,Name2826,,39,F,3,,0,18,
46,Name46,,12,M,3,,0,6,Maji
2221,Name2221,,9,F,5,,0,3,Maji
2291,Name2291,,40,F,0,,0,7,Maji
1053,Name1053,,12,F,2,,0,6,Maji
1813,Name1813,,9,F,2,,0,27,Maji
1878,Name1878,,7,F,3,,0,17,Maji
2391,Name2391,,12,F,3,,0,8,Maji
701,Name701,,11,F,4,,0,19,Maji
448,Name448,,10,F,6,,0,21,Maji
1887,Name1887,,12,M,3,,0,20,Maji
2001,Name2001,,9,F,2,,0,2,Maji
841,Name841,,11,F,4,,0,20,Maji
2179,Name2179,,13,F,6,,0,2,Maji
438,Name438,,14,M,3,,0,7,Maji
1385,Name1385,,13,M,2,,0,4,Maji
1782,Name1782,,7,M,1,,0,29,Maji
1882,Name1882,,12,M,4,,0,3,Maji
1814,Name1814,,24,F,5,,0,22,Maji
2374,Name2374,,9,F,5,,0,18,Maji
195,Name195,,11,F,5,,0,6,Maji
2701,Name2701,,33,F,3,,0,12,
718,Name718,,9,F,2,,0,6,Maji
930,Name930,,11,F,4,,0,10,Maji
2511,Name2511,,10,F,2,,0,10,Maji
542,Name542,,10,F,2,,0,8,Maji
2716,Name2716,,7,F,0,,0,11,
2103,Name2103,,7,F,7,,0,8,Maji
1494,Name1494,,13,F,4,,0,3,Maji
1365,Name1365,,13,F,1,,0,13,Maji
814,Name814,,38,M,5,,0,22,Maji
2554,Name2554,,11,F,3,,0,7,Maji
1739,Name1739,,45,F,2,,0,8,Maji
2674,Name2674,,9,F,5,,0,17,
1836,Name1836,,13,M,4,,0,9,Maji
1140,Name1140,,10,F,4,,0,6,Maji
1021,Name1021,,10,F,6,,0,4,Maji
1534,Name1534,,16,M,5,,0,23,Maji
1587,Name1587,,14,F,5,,0,24,Maji
146,Name146,,14,F,7,,0,18,Maji
2436,Name2436,,30,M,6,,0,13,Maji
1024,Name1024,,12,M,1,,0,10,Maji
2551,Name2551,,23,F,5,,0,5,Maji
2730,Name2730,,12,M,6,,0,7,
996,Name996,,13,M,5,,0,27,Maji
1423,Name1423,,12,F,3,,0,6,Maji
1427,Name1427,,12,M,5,,0,14,Maji
1089,Name1089,,8,F,2,,0,11,Maji
1779,Name1779,,12,F,4,,0,19,Maji
201,Name201,,27,F,1,,0,5,Maji
642,Name642,,11,M,2,,0,3,Maji
488,Name488,,9,M,4,,0,6,Maji
103,Name103,,10,M,4,,0,7,Maji
194,Name194,,13,M,2,,0,20,Maji
2712,Name2712,,10,M,5,,0,13,
839,Name839,,13,M,3,,0,11,Maji
1871,Name1871,,7,M,2,,0,26,Maji
867,Name867,,12,F,2,,0,6,Maji
2822,Name2822,,9,M,3,,0,25,
280,Name280,,4,F,5,,0,22,Maji
762,Name762,,11,M,3,,0,22,Maji
1380,Name1380,,22,F,1,,0,19,Maji
1224,Name1224,,13,F,8,,0,23,Maji
2186,Name2186,,10,F,5,,0,27,Maji
704,Name704,,12,M,4,,0,23,Maji
27,Name27,,12,M,2,,0,7,Maji
2017,Name2017,,10,M,3,,0,17,Maji
755,Name755,,13,F,5,,0,4,Maji
2744,Name2744,,12,F,2,,0,12,
1864,Name1864,,9,M,2,,0,27,Maji
2321,Name2321,,13,F,5,,0,8,Maji
2637,Name2637,,10,F,7,,0,20,
397,Name397,,12,F,5,,0,6,Maji
183,Name183,,7,F,6,,0,28,Maji
373,Name373,,10,M,4,,0,19,Maji
2466,Name2466,,38,M,3,,0,8,Maji
465,Name465,,8,M,3,,0,22,Maji
1980,Name1980,,10,F,3,,0,4,Maji
2241,Name2241,,21,M,0,,0,9,Maji
941,Name941,,11,M,1,,0,15,Maji
1510,Name1510,,9,M,5,,0,15,Maji
1011,Name1011,,11,F,4,,0,26,Maji
1000,Name1000,,11,M,3,,0,4,Maji
1778,Name1778,,4,M,7,,0,21,Maji
2485,Name2485,,13,F,6,,0,28,Maji
243,Name243,,12,M,6,,0,8,Maji
830,Name830,,24,F,3,,0,14,Maji
73,Name73,,11,M,2,,0,7,Maji
1147,Name1147,,12,F,3,,0,19,Maji
2367,Name2367,,10,M,5,,0,19,Maji
721,Name721,,9,F,5,,0,13,Maji
2723,Name2723,,13,M,4,,0,15,
1600,Name1600,,11,M,4,,0,22,Maji
2733,Name2733,,15,F,1,,0,16,
2615,Name2615,,11,M,4,,0,25,
1872,Name1872,,12,F,3,,0,9,Maji
2292,Name2292,,14,M,1,,0,19,Maji
768,Name768,,9,M,3,,0,16,Maji
2310,Name2310,,12,F,1,,0,23,Maji
800,Name800,,9,M,3,,0,27,Maji
308,Name308,,29,F,5,,0,11,Maji
2709,Name2709,,13,M,2,,0,8,
1806,Name1806,,13,F,4,,0,15,Maji
951,Name951,,12,F,0,,0,24,Maji
112,Name112,,9,F,2,,0,12,Maji
100,Name100,,27,F,3,,0,5,Maji
685,Name685,,14,F,4,,0,14,Maji
2541,Name2541,,13,M,4,,0,28,Maji
869,Name869,,9,M,6,,0,18,Maji
2135,Name2135,,10,M,6,,0,29,Maji
1054,Name1054,,13,M,3,,0,4,Maji
2412,Name2412,,13,M,3,,0,28,Maji
2206,Name2206,,13,M,3,,0,15,Maji
2360,Name2360,,11,F,4,,0,27,Maji
1070,Name1070,,14,F,6,,0,18,Maji
2440,Name2440,,8,F,0,,0,2,Maji
1429,Name1429,,12,F,6,,0,7,Maji
1593,Name1593,,9,F,4,,0,21,Maji
681,Name681,,11,M,3,,0,2,Maji
2648,Name2648,,11,M,2,,0,26,
1056,Name1056,,11,F,5,,0,26,Maji
747,Name747,,12,F,7,,0,7,Maji
1984,Name1984,,10,F,4,,0,5,Maji
680,Name680,,55,M,6,,0,26,Maji
1112,Name1112,,9,M,1,,0,24,Maji
101,Name101,,13,M,5,,0,27,Maji
1209,Name1209,,8,F,1,,0,10,Maji
2078,Name2078,,12,M,6,,0,25,Maji
1357,Name1357,,14,F,4,,0,16,Maji
1561,Name1561,,4,M,3,,0,11,Maji
447,Name447,,11,M,4,,0,14,Maji
2753,Name2753,,9,F,1,,0,11,
1254,Name1254,,37,F,7,,0,14,Maji
1898,Name1898,,9,F,2,,0,20,Maji
372,Name372,,13,F,5,,0,6,Maji
744,Name744,,7,F,4,,0,13,Maji
1940,Name1940,,12,F,4,,0,28,Maji
2679,Name2679,,15,M,4,,0,27,
1988,Name1988,,15,M,4,,0,17,Maji
1727,Name1727,,48,F,4,,0,28,Maji
663,Name663,,11,M,4,,0,13,Maji
248,Name248,,12,F,5,,0,9,Maji
561,Name561,,10,F,3,,0,9,Maji
573,Name573,,23,F,6,,0,6,Maji
905,Name905,,11,F,4,,0,6,Maji
1749,Name1749,,14,M,3,,0,29,Maji
1801,Name1801,,7,F,1,,0,2,Maji
492,Name492,,56,F,4,,0,27,Maji
320,Name320,,13,F,4,,0,6,Maji
1401,Name1401,,37,F,1,,0,9,Maji
299,Name299,,14,M,4,,0,6,Maji
2153,Name2153,,12,F,3,,0,12,Maji
1998,Name1998,,12,M,4,,0,19,Maji
2450,Name2450,,9,F,6,,0,27,Maji
2653,Name2653,,12,F,5,,0,10,
2232,Name2232,,10,F,1,,0,17,Maji
1304,Name1304,,12,F,6,,0,12,Maji
1854,Name1854,,10,M,6,,0,21,Maji
2281,Name2281,,13,F,6,,0,8,Maji
220,Name220,,9,M,4,,0,8,Maji
623,Name623,,30,M,3,,0,8,Maji
1842,Name1842,,56,F,4,,0,6,Maji
2510,Name2510,,12,M,3,,0,26,Maji
1245,Name1245,,7,F,6,,0,12,Maji
130,Name130,,12,F,3,,0,6,Maji
1339,Name1339,,13,F,4,,0,9,Maji
751,Name751,,13,F,2,,0,18,Maji
1566,Name1566,,22,F,2,,0,2,Maji
1402,Name1402,,10,F,4,,0,20,Maji
2473,Name2473,,10,M,6,,0,2,Maji
507,Name507,,13,M,4,,0,10,Maji
2623,Name2623,,14,M,5,,0,22,
163,Name163,,35,F,4,,0,6,Maji
13,Name13,,11,M,3,,0,26,Maji
2434,Name2434,,10,F,4,,0,3,Maji
787,Name787,,12,M,6,,0,7,Maji
574,Name574,,14,F,4,,0,9,Maji
197,Name197,,8,F,4,,0,14,Maji
279,Name279,,8,M,3,,0,11,Maji
2101,Name2101,,9,F,6,,0,4,Maji
2708,Name2708,,40,M,3,,0,2,
2644,Name2644,,27,F,4,,0,25,
662,Name662,,7,F,2,,0,12,Maji
2820,Name2820,,9,M,5,,0,12,
1149,Name1149,,23,M,3,,0,4,Maji
2801,Name2801,,10,M,6,,0,2,
1267,Name1267,,15,M,4,,0,2,Maji
2307,Name2307,,27,F,5,,0,23,Maji
2192,Name2192,,12,M,4,,0,25,Maji
331,Name331,,23,F,5,,0,13,Maji
1404,Name1404,,11,M,3,,0,4,Maji
757,Name757,,8,F,4,,0,2,Maji
2703,Name2703,,12,F,6,,0,13,
1121,Name1121,,13,F,0,,0,21,Maji
656,Name656,,12,M,4,,0,7,Maji
1206,Name1206,,30,F,5,,0,24,Maji
650,Name650,,11,F,4,,0,5,Maji
2216,Name2216,,7,F,4,,0,4,Maji
2306,Name2306,,13,F,3,,0,29,Maji
1481,Name1481,,8,F,5,,0,5,Maji
799,Name799,,12,F,3,,0,19,Maji
427,Name427,,11,F,3,,0,6,Maji
366,Name366,,12,F,4,,0,12,Maji
666,Name666,,10,F,5,,0,22,Maji
1212,Name1212,,13,F,4,,0,22,Maji
1616,Name1616,,13,M,3,,0,28,Maji
2212,Name2212,,11,F,2,,0,29,Maji
53,Name53,,13,M,4,,0,8,Maji
2283,Name2283,,10,F,5,,0,12,Maji
1840,Name1840,,56,M,1,,0,28,Maji
2043,Name2043,,10,F,3,,0,3,Maji
894,Name894,,11,M,5,,0,11,Maji
846,Name846,,10,F,3,,0,5,Maji
1879,Name1879,,13,M,3,,0,19,Maji
1064,Name1064,,9,F,5,,0,12,Maji
2394,Name2394,,8,F,7,,0,24,Maji
652,Name652,,12,M,6,,0,3,Maji
1477,Name1477,,8,F,4,,0,19,Maji
575,Name575,,12,M,2,,0,6,Maji
2190,Name2190,,9,M,3,,0,13,Maji
678,Name678,,15,F,5,,0,14,Maji
1987,Name1987,,46,F,4,,0,14,Maji
2044,Name2044,,9,F,4,,0,9,Maji
2517,Name2517,,13,M,4,,0,24,Maji
2524,Name2524,,14,F,5,,0,15,Maji
107,Name107,,45,M,3,,0,10,Maji
59,Name59,,12,F,3,,0,26,Maji
510,Name510,,9,F,4,,0,2,Maji
2702,Name2702,,12,F,6,,0,21,
2564,Name2564,,14,M,8,,0,18,Maji
2075,Name2075,,40,M,6,,0,25,Maji
2265,Name2265,,12,F,5,,0,4,Maji
159,Name159,,11,F,4,,0,20,Maji
2657,Name2657,,9,F,2,,0,17,
1437,Name1437,,9,F,4,,0,7,Maji
960,Name960,,11,M,5,,0,27,Maji
162,Name162,,10,M,6,,0,2,Maji
1110,Name1110,,90,M,3,,0,20,Maji
838,Name838,,61,F,1,,0,27,Maji
361,Name361,,13,F,4,,0,5,Maji
1331,Name1331,,90,F,2,,0,24,Maji
2030,Name2030,,12,M,4,,0,17,Maji
1643,Name1643,,9,M,6,,0,5,Maji
1973,Name1973,,9,M,3,,0,27,Maji
62,Name62,,10,F,3,,0,14,Maji
2048,Name2048,,13,M,6,,0,9,Maji
2715,Name2715,,24,M,6,,0,5,
1204,Name1204,,7,F,5,,0,17,Maji
1544,Name1544,,9,F,5,,0,23,Maji
1588,Name1588,,10,M,2,,0,19,Maji
903,Name903,,45,M,3,,0,27,Maji
79,Name79,,16,F,6,,0,7,Maji
1289,Name1289,,23,F,5,,0,22,Maji
2077,Name2077,,12,M,3,,0,28,Maji
1511,Name1511,,11,F,5,,0,28,Maji
812,Name812,,9,F,4,,0,28,Maji
2770,Name2770,,13,M,3,,0,26,
1681,Name1681,,40,M,1,,0,15,Maji
2275,Name2275,,13,F,4,,0,28,Maji
2233,Name2233,,9,F,6,,0,7,Maji
1990,Name1990,,10,M,2,,0,8,Maji
1834,Name1834,,13,F,4,,0,9,Maji
654,Name654,,13,F,2,,0,8,Maji
2381,Name2381,,9,M,6,,0,13,Maji
1196,Name1196,,11,F,4,,0,9,Maji
1486,Name1486,,8,M,1,,0,11,Maji
310,Name310,,12,M,3,,0,14,Maji
1039,Name1039,,12,M,3,,0,15,Maji
2302,Name2302,,9,M,4,,0,20,Maji
1881,Name1881,,12,M,6,,0,19,Maji
2658,Name2658,,12,F,3,,0,17,
767,Name767,,10,F,4,,0,28,Maji
1059,Name1059,,11,F,3,,0,28,Maji
600,Name600,,13,F,4,,0,14,Maji
2054,Name2054,,75,M,3,,0,15,Maji
164,Name164,,9,M,1,,0,5,Maji
2790,Name2790,,8,F,6,,0,21,
1562,Name1562,,9,F,6,,0,9,Maji
783,Name783,,12,M,6,,0,22,Maji
2392,Name2392,,7,F,0,,0,8,Maji
1035,Name1035,,35,F,5,,0,7,Maji
1176,Name1176,,11,M,0,,0,3,Maji
155,Name155,,54,F,0,,0,17,Maji
840,Name840,,8,F,3,,0,4,Maji
1376,Name1376,,20,M,2,,0,28,Maji
1545,Name1545,,11,F,4,,0,25,Maji
2162,Name2162,,13,F,5,,0,12,Maji
1285,Name1285,,13,M,2,,0,8,Maji
636,Name636,,10,F,6,,0,14,Maji
2486,Name2486,,9,F,1,,0,6,Maji
1759,Name1759,,12,F,8,,0,4,Maji
2429,Name2429,,23,F,1,,0,18,Maji
818,Name818,,14,F,6,,0,22,Maji
543,Name543,,11,F,4,,0,20,Maji
1591,Name1591,,13,F,1,,0,18,Maji
2608,Name2608,,24,F,5,,0,20,
1912,Name1912,,12,F,7,,0,21,Maji
1602,Name1602,,11,F,5,,0,27,Maji
2397,Name2397,,22,F,3,,0,4,Maji
480,Name480,,78,F,3,,0,14,Maji
1347,Name1347,,12,F,2,,0,4,Maji
630,Name630,,11,F,4,,0,19,Maji
2110,Name2110,,12,M,4,,0,13,Maji
2810,Name2810,,13,F,4,,0,8,
2288,Name2288,,7,F,5,,0,19,Maji
362,Name362,,13,F,1,,0,8,Maji
2428,Name2428,,13,M,5,,0,5,Maji
866,Name866,,12,F,6,,0,28,Maji
1689,Name1689,,11,F,4,,0,29,Maji
1517,Name1517,,12,M,4,,0,20,Maji
1647,Name1647,,15,M,6,,0,12,Maji
1889,Name1889,,12,F,3,,0,17,Maji
2667,Name2667,,9,F,4,,0,5,
926,Name926,,7,M,8,,0,21,Maji
98,Name98,,12,M,2,,0,24,Maji
2566,Name2566,,35,M,3,,0,13,Maji
2069,Name2069,,12,M,6,,0,14,Maji
2126,Name2126,,37,M,3,,0,28,Maji
2014,Name2014,,13,F,6,,0,20,Maji
1419,Name1419,,13,F,6,,0,12,Maji
653,Name653,,15,M,4,,0,13,Maji
1269,Name1269,,12,M,6,,0,25,Maji
1743,Name1743,,9,F,1,,0,25,Maji
2542,Name2542,,10,F,6,,0,6,Maji
1971,Name1971,,11,F,5,,0,5,Maji
2155,Name2155,,8,F,6,,0,4,Maji
2441,Name2441,,9,M,2,,0,19,Maji
489,Name489,,9,M,4,,0,7,Maji
2146,Name2146,,10,M,4,,0,11,Maji
446,Name446,,11,M,3,,0,23,Maji
2539,Name2539,,11,M,5,,0,23,Maji
981,Name981,,12,M,1,,0,9,Maji
802,Name802,,11,F,6,,0,2,Maji
2253,Name2253,,7,F,4,,0,4,Maji
2513,Name2513,,13,F,4,,0,27,Maji
2662,Name2662,,8,F,2,,0,24,
2752,Name2752,,11,M,4,,0,27,
56,Name56,,9,M,1,,0,7,Maji
1914,Name1914,,10,M,2,,0,13,Maji
286,Name286,,8,M,6,,0,24,Maji
2725,Name2725,,23,F,3,,0,4,
1371,Name1371,,11,F,6,,0,13,Maji
176,Name176,,8,M,4,,0,8,Maji
1777,Name1777,,7,M,6,,0,27,Maji
1924,Name1924,,56,F,2,,0,5,Maji
34,Name34,,9,M,2,,0,17,Maji
2543,Name2543,,10,F,7,,0,29,Maji
1656,Name1656,,7,F,5,,0,22,Maji
1519,Name1519,,9,F,6,,0,17,Maji
2235,Name2235,,11,F,5,,0,12,Maji
1953,Name1953,,61,F,3,,0,7,Maji
1995,Name1995,,12,M,6,,0,24,Maji
2368,Name2368,,12,M,2,,0,21,Maji
1966,Name1966,,11,F,4,,0,14,Maji
210,Name210,,9,F,2,,0,14,Maji
1800,Name1800,,12,F,4,,0,7,Maji
2141,Name2141,,55,F,5,,0,4,Maji
92,Name92,,12,F,2,,0,28,Maji
541,Name541,,7,M,4,,0,24,Maji
1711,Name1711,,8,F,4,,0,5,Maji
1450,Name1450,,12,M,1,,0,5,Maji
108,Name108,,15,F,4,,0,2,Maji
2568,Name2568,,4,F,2,,0,28,Maji
2081,Name2081,,13,F,6,,0,8,Maji
2289,Name2289,,10,F,1,,0,7,Maji
1141,Name1141,,14,F,3,,0,4,Maji
1239,Name1239,,9,F,4,,0,13,Maji
1191,Name1191,,12,F,4,,0,22,Maji
2634,Name2634,,12,M,4,,0,11,
2134,Name2134,,9,F,1,,0,4,Maji
1792,Name1792,,8,M,7,,0,5,Maji
1868,Name1868,,10,F,5,,0,15,Maji
534,Name534,,11,M,3,,0,9,Maji
978,Name978,,14,F,3,,0,8,Maji
1461,Name1461,,11,F,2,,0,10,Maji
328,Name328,,13,F,6,,0,13,Maji
470,Name470,,13,M,5,,0,19,Maji
664,Name664,,23,F,3,,0,16,Maji
1900,Name1900,,14,F,4,,0,20,Maji
1139,Name1139,,10,F,3,,0,11,Maji
1766,Name1766,,11,F,1,,0,11,Maji
1570,Name1570,,13,M,6,,0,4,Maji
45,Name45,,13,F,4,,0,15,Maji
923,Name923,,12,M,1,,0,24,Maji
637,Name637,,10,F,3,,0,24,Maji
1576,Name1576,,9,F,1,,0,21,Maji
1673,Name1673,,9,F,6,,0,18,Maji
2817,Name2817,,14,M,7,,0,27,
298,Name298,,11,M,4,,0,12,Maji
2798,Name2798,,13,M,6,,0,18,
472,Name472,,55,M,3,,0,25,Maji
2123,Name2123,,8,F,2,,0,12,Maji
994,Name994,,9,F,5,,0,4,Maji
2430,Name2430,,11,F,3,,0,22,Maji
719,Name719,,10,F,3,,0,14,Maji
1087,Name1087,,10,F,1,,0,13,Maji
2844,Name2844,,13,F,3,,0,8,
649,Name649,,10,F,2,,0,23,Maji
1166,Name1166,,12,M,6,,0,20,Maji
2842,Name2842,,10,F,1,,0,20,
1771,Name1771,,11,F,4,,0,11,Maji
2276,Name2276,,12,F,6,,0,11,Maji
1168,Name1168,,12,F,5,,0,21,Maji
1062,Name1062,,15,F,6,,0,7,Maji
234,Name234,,13,F,5,,0,2,Maji
1238,Name1238,,9,M,4,,0,13,Maji
171,Name171,,7,F,3,,0,23,Maji
2261,Name2261,,12,M,3,,0,5,Maji
144,Name144,,11,F,3,,0,14,Maji
2023,Name2023,,49,F,6,,0,12,Maji
417,Name417,,9,M,3,,0,27,Maji
1736,Name1736,,11,F,5,,0,10,Maji
590,Name590,,13,F,2,,0,27,Maji
490,Name490,,10,F,4,,0,14,Maji
1569,Name1569,,9,M,6,,0,15,Maji
614,Name614,,12,M,2,,0,29,Maji
1366,Name1366,,9,F,4,,0,3,Maji
2240,Name2240,,49,F,4,,0,19,Maji
1776,Name1776,,13,M,4,,0,29,Maji
769,Name769,,8,M,2,,0,17,Maji
585,Name585,,90,M,4,,0,5,Maji
934,Name934,,29,F,4,,0,23,Maji
376,Name376,,4,F,2,,0,8,Maji
765,Name765,,13,F,2,,0,26,Maji
1795,Name1795,,10,F,5,,0,22,Maji
1909,Name1909,,26,M,6,,0,13,Maji
530,Name530,,10,M,1,,0,15,Maji
1507,Name1507,,10,F,6,,0,3,Maji
364,Name364,,12,M,7,,0,5,Maji
2454,Name2454,,14,M,4,,0,18,Maji
1152,Name1152,,12,M,4,,0,18,Maji
2675,Name2675,,10,M,7,,0,13,
2029,Name2029,,22,F,4,,0,20,Maji
424,Name424,,7,F,6,,0,23,Maji
738,Name738,,12,M,3,,0,14,Maji
2794,Name2794,,23,F,4,,0,17,
1135,Name1135,,12,F,3,,0,9,Maji
2512,Name2512,,13,M,4,,0,27,Maji
682,Name682,,13,F,1,,0,9,Maji
456,Name456,,12,M,4,,0,4,Maji
922,Name922,,10,M,3,,0,6,Maji
2599,Katalina Tosi,,90,F,3,2018.0,0,23,MiFiMa
743,Name743,,8,F,4,,0,27,Maji
522,Name522,,8,M,6,,0,26,Maji
313,Name313,,9,F,4,,0,10,Maji
1886,Name1886,,12,M,6,,0,20,Maji
1016,Name1016,,22,F,2,,0,27,Maji
750,Name750,,11,M,4,,0,18,Maji
123,Name123,,12,M,4,,0,3,Maji
1580,Name1580,,8,M,6,,0,4,Maji
2747,Name2747,,61,F,5,,0,28,
2237,Name2237,,12,F,1,,0,25,Maji
1744,Name1744,,13,M,3,,0,5,Maji
847,Name847,,9,M,7,,0,4,Maji
387,Name387,,10,M,2,,0,6,Maji
2152,Name2152,,13,F,2,,0,3,Maji
318,Name318,,13,F,3,,0,29,Maji
1506,Name1506,,8,F,2,,0,12,Maji
1847,Name1847,,12,M,4,,0,2,Maji
1798,Name1798,,90,M,5,,0,15,Maji
1281,Name1281,,12,F,6,,0,12,Maji
2286,Name2286,,24,M,4,,0,22,Maji
1094,Name1094,,12,F,3,,0,12,Maji
1409,Name1409,,12,F,4,,0,15,Maji
2549,Name2549,,12,F,4,,0,20,Maji
2809,Name2809,,9,F,5,,0,5,
647,Name647,,12,M,4,,0,22,Maji
1535,Name1535,,13,F,0,,0,14,Maji
1911,Name1911,,14,M,2,,0,8,Maji
837,Name837,,13,M,1,,0,29,Maji
1061,Name1061,,13,F,4,,0,9,Maji
1077,Name1077,,10,F,5,,0,7,Maji
1861,Name1861,,12,F,3,,0,4,Maji
2356,Name2356,,10,M,4,,0,27,Maji
2575,Name2575,,12,M,4,,0,19,Maji
495,Name495,,8,M,4,,0,4,Maji
2673,Name2673,,13,F,4,,0,2,
2819,Name2819,,9,M,4,,0,19,
553,Name553,,13,F,3,,0,26,Maji
502,Name502,,12,F,6,,0,27,Maji
414,Name414,,12,F,1,,0,27,Maji
2386,Name2386,,9,M,6,,0,22,Maji
639,Name639,,11,M,1,,0,26,Maji
191,Name191,,7,F,3,,0,24,Maji
1992,Name1992,,13,F,6,,0,24,Maji
976,Name976,,56,F,1,,0,2,Maji
426,Name426,,10,F,5,,0,10,Maji
526,Name526,,8,F,5,,0,10,Maji
1870,Name1870,,24,F,3,,0,15,Maji
1948,Name1948,,9,M,4,,0,23,Maji
1377,Name1377,,13,F,3,,0,24,Maji
1002,Name1002,,12,F,2,,0,20,Maji
1470,Name1470,,75,F,4,,0,18,Maji
2577,Name2577,,9,F,5,,0,11,Maji
1260,Name1260,,56,M,1,,0,29,Maji
2348,Name2348,,14,M,6,,0,23,Maji
2502,Name2502,,15,F,1,,0,5,Maji
2531,Name2531,,49,M,5,,0,9,Maji
2327,Name2327,,10,F,6,,0,4,Maji
1682,Name1682,,13,F,5,,0,29,Maji
2802,Name2802,,13,M,4,,0,20,
2528,Name2528,,21,F,6,,0,2,Maji
566,Name566,,9,F,4,,0,5,Maji
2278,Name2278,,25,F,4,,0,19,Maji
1527,Name1527,,11,F,4,,0,8,Maji
2750,Name2750,,20,F,1,,0,28,
2189,Name2189,,12,F,4,,0,13,Maji
1993,Name1993,,14,M,6,,0,20,Maji
1258,Name1258,,9,M,5,,0,4,Maji
1120,Name1120,,8,F,2,,0,15,Maji
305,Name305,,13,F,4,,0,8,Maji
993,Name993,,13,M,4,,0,21,Maji
2565,Name2565,,16,M,4,,0,14,Maji
1299,Name1299,,15,M,5,,0,15,Maji
853,Name853,,10,M,2,,0,29,Maji
1928,Name1928,,11,M,3,,0,7,Maji
2765,Name2765,,13,F,4,,0,12,
1187,Name1187,,10,F,1,,0,4,Maji
2062,Name2062,,15,F,3,,0,27,Maji
591,Name591,,11,F,6,,0,26,Maji
965,Name965,,10,F,4,,0,2,Maji
1896,Name1896,,12,M,8,,0,20,Maji
2751,Name2751,,10,F,4,,0,12,
1230,Name1230,,12,F,3,,0,15,Maji
729,Name729,,11,F,2,,0,29,Maji
2767,Name2767,,12,M,4,,0,29,
2815,Name2815,,12,F,2,,0,7,
245,Name245,,11,F,3,,0,8,Maji
673,Name673,,60,M,3,,0,6,Maji
1181,Name1181,,8,F,4,,0,2,Maji
1610,Name1610,,12,F,3,,0,20,Maji
638,Name638,,11,M,1,,0,11,Maji
1390,Name1390,,6,F,4,,0,19,Maji
42,Name42,,3,M,4,,0,22,Maji
2137,Name2137,,13,M,2,,0,20,Maji
367,Name367,,12,F,2,,0,8,Maji
2532,Name2532,,10,F,4,,0,29,Maji
1693,Name1693,,7,F,5,,0,5,Maji
2138,Name2138,,12,M,4,,0,29,Maji
722,Name722,,8,F,2,,0,26,Maji
1804,Name1804,,9,M,5,,0,14,Maji
170,Name170,,13,M,4,,0,2,Maji
1408,Name1408,,13,F,2,,0,18,Maji
1660,Name1660,,10,F,6,,0,19,Maji
758,Name758,,12,M,4,,0,26,Maji
120,Name120,,37,F,3,,0,19,Maji
1353,Name1353,,9,F,6,,0,26,Maji
1084,Name1084,,14,M,1,,0,4,Maji
1382,Name1382,,23,F,3,,0,28,Maji
2557,Name2557,,24,F,2,,0,14,Maji
1856,Name1856,,10,F,3,,0,11,Maji
1859,Name1859,,12,F,2,,0,17,Maji
3,Name3,,31,F,2,,0,9,Maji
1489,Name1489,,27,F,2,,0,8,Maji
1424,Name1424,,4,F,3,,0,10,Maji
1785,Name1785,,11,F,4,,0,15,Maji
1921,Name1921,,7,F,6,,0,18,Maji
2814,Name2814,,12,M,2,,0,7,
688,Name688,,12,M,4,,0,19,Maji
498,Name498,,12,M,4,,0,20,Maji
1674,Name1674,,13,M,6,,0,18,Maji
2519,Name2519,,9,F,5,,0,8,Maji
2833,Name2833,,9,F,1,,0,16,
2827,Name2827,,9,M,6,,0,8,
1072,Name1072,,10,F,5,,0,4,Maji
1942,Name1942,,32,F,4,,0,23,Maji
1652,Name1652,,10,F,5,,0,9,Maji
1848,Name1848,,13,F,4,,0,11,Maji
1051,Name1051,,12,F,1,,0,8,Maji
2222,Name2222,,8,M,2,,0,29,Maji
1316,Name1316,,11,F,4,,0,26,Maji
986,Name986,,15,F,2,,0,25,Maji
1635,Name1635,,12,M,7,,0,13,Maji
2026,Name2026,,7,F,4,,0,2,Maji
1026,Name1026,,12,F,4,,0,22,Maji
1150,Name1150,,13,M,6,,0,19,Maji
1449,Name1449,,9,M,6,,0,25,Maji
2205,Name2205,,9,M,4,,0,11,Maji
1666,Name1666,,12,F,7,,0,3,Maji
213,Name213,,10,F,1,,0,15,Maji
2385,Name2385,,10,M,3,,0,17,Maji
1702,Name1702,,7,F,1,,0,24,Maji
1678,Name1678,,9,M,6,,0,4,Maji
1543,Name1543,,13,F,1,,0,12,Maji
2304,Name2304,,11,F,1,,0,22,Maji
2816,Name2816,,75,F,4,,0,28,
1819,Name1819,,19,M,5,,0,29,Maji
1303,Name1303,,8,F,3,,0,17,Maji
2530,Name2530,,12,M,6,,0,10,Maji
700,Name700,,24,M,6,,0,15,Maji
1943,Name1943,,55,M,6,,0,23,Maji
10,Name10,,7,M,4,,0,19,Maji
518,Name518,,11,F,6,,0,3,Maji
2021,Name2021,,11,F,3,,0,10,Maji
293,Name293,,9,F,3,,0,8,Maji
2503,Name2503,,13,M,4,,0,15,Maji
1833,Name1833,,9,F,5,,0,16,Maji
1657,Name1657,,13,M,6,,0,14,Maji
1321,Name1321,,16,M,6,,0,7,Maji
1156,Name1156,,7,M,5,,0,9,Maji
1613,Name1613,,11,M,5,,0,22,Maji
989,Name989,,12,M,6,,0,26,Maji
209,Name209,,13,M,4,,0,23,Maji
1818,Name1818,,6,M,4,,0,13,Maji
1999,Name1999,,10,M,4,,0,5,Maji
309,Name309,,13,F,3,,0,16,Maji
2143,Name2143,,13,M,5,,0,23,Maji
1306,Name1306,,9,M,4,,0,27,Maji
1812,Name1812,,9,F,1,,0,5,Maji
892,Name892,,10,M,4,,0,27,Maji
2691,Name2691,,8,F,8,,0,26,
375,Name375,,10,M,3,,0,27,Maji
1977,Name1977,,12,F,2,,0,27,Maji
1969,Name1969,,9,M,4,,0,24,Maji
967,Name967,,12,F,5,,0,15,Maji
1746,Name1746,,14,M,3,,0,14,Maji
311,Name311,,13,F,1,,0,27,Maji
1622,Name1622,,13,F,5,,0,18,Maji
1705,Name1705,,9,F,3,,0,21,Maji
595,Name595,,12,F,6,,0,9,Maji
1193,Name1193,,10,F,7,,0,23,Maji
2497,Name2497,,11,M,2,,0,27,Maji
918,Name918,,12,F,3,,0,28,Maji
1063,Name1063,,8,F,7,,0,2,Maji
880,Name880,,45,F,3,,0,28,Maji
958,Name958,,14,F,4,,0,11,Maji
14,Name14,,7,F,6,,0,20,Maji
2063,Name2063,,12,M,6,,0,6,Maji
105,Name105,,14,F,5,,0,11,Maji
1266,Name1266,,12,M,4,,0,7,Maji
369,Name369,,9,F,6,,0,17,Maji
196,Name196,,12,M,6,,0,8,Maji
2483,Name2483,,14,F,8,,0,10,Maji
1568,Name1568,,13,F,6,,0,15,Maji
2009,Name2009,,9,F,4,,0,2,Maji
2132,Name2132,,45,F,3,,0,6,Maji
2106,Name2106,,12,F,0,,0,17,Maji
2020,Name2020,,8,M,3,,0,21,Maji
687,Name687,,24,F,6,,0,13,Maji
2496,Name2496,,13,M,1,,0,14,Maji
1976,Name1976,,11,M,4,,0,9,Maji
61,Name61,,13,M,6,,0,15,Maji
300,Name300,,11,F,3,,0,15,Maji
74,Name74,,9,F,3,,0,19,Maji
330,Name330,,11,F,6,,0,17,Maji
2762,Name2762,,9,M,6,,0,9,
133,Name133,,10,F,6,,0,11,Maji
2763,Name2763,,9,F,6,,0,26,
2142,Name2142,,11,M,4,,0,15,Maji
1237,Name1237,,4,F,1,,0,23,Maji
689,Name689,,11,F,5,,0,11,Maji
2326,Name2326,,38,F,3,,0,2,Maji
803,Name803,,13,F,3,,0,24,Maji
1753,Name1753,,13,M,2,,0,12,Maji
897,Name897,,11,F,6,,0,10,Maji
2301,Name2301,,50,F,6,,0,8,Maji
93,Name93,,12,F,3,,0,8,Maji
1101,Name1101,,7,F,7,,0,28,Maji
2439,Name2439,,9,M,6,,0,8,Maji
1396,Name1396,,12,F,2,,0,7,Maji
1974,Name1974,,13,F,5,,0,10,Maji
2287,Name2287,,4,M,3,,0,7,Maji
2411,Name2411,,10,F,4,,0,22,Maji
2562,Name2562,,12,M,4,,0,16,Maji
1492,Name1492,,13,F,2,,0,26,Maji
2318,Name2318,,10,F,4,,0,7,Maji
2480,Name2480,,9,F,3,,0,6,Maji
2460,Name2460,,11,F,6,,0,5,Maji
374,Name374,,12,F,6,,0,20,Maji
500,Name500,,49,M,4,,0,20,Maji
2215,Name2215,,12,F,3,,0,15,Maji
393,Name393,,7,F,3,,0,20,Maji
2296,Name2296,,12,F,4,,0,5,Maji
1013,Name1013,,48,M,5,,0,22,Maji
702,Name702,,13,M,2,,0,11,Maji
938,Name938,,10,F,4,,0,25,Maji
2389,Name2389,,27,F,4,,0,27,Maji
256,Name256,,13,M,1,,0,6,Maji
315,Name315,,9,M,4,,0,24,Maji
1370,Name1370,,14,F,2,,0,2,Maji
437,Name437,,14,F,2,,0,27,Maji
535,Name535,,14,F,3,,0,27,Maji
389,Name389,,12,F,3,,0,4,Maji
2683,Name2683,,11,M,6,,0,29,
870,Name870,,13,F,4,,0,14,Maji
2370,Name2370,,12,M,5,,0,16,Maji
348,Name348,,10,M,3,,0,14,Maji
1186,Name1186,,11,F,4,,0,22,Maji
1022,Name1022,,6,M,5,,0,19,Maji
2251,Name2251,,12,F,0,,0,2,Maji
57,Name57,,8,F,4,,0,13,Maji
711,Name711,,8,F,4,,0,28,Maji
1523,Name1523,,12,F,3,,0,13,Maji
1528,Name1528,,13,M,6,,0,19,Maji
2330,Name2330,,8,F,4,,0,18,Maji
2118,Name2118,,13,F,5,,0,29,Maji
244,Name244,,14,M,4,,0,19,Maji
1132,Name1132,,9,F,8,,0,11,Maji
634,Name634,,14,F,4,,0,2,Maji
1265,Name1265,,13,F,6,,0,2,Maji
1478,Name1478,,55,F,1,,0,7,Maji
2678,Name2678,,11,F,3,,0,24,
2600,Mwajuma Kalolo,,75,F,2,2018.0,0,28,MiFiMa
2438,Name2438,,9,M,6,,0,29,Maji
610,Name610,,14,F,6,,0,21,Maji
2803,Name2803,,13,F,3,,0,3,
2042,Name2042,,10,F,4,,0,28,Maji
2361,Name2361,,11,F,3,,0,25,Maji
1897,Name1897,,7,M,7,,0,6,Maji
1280,Name1280,,8,M,5,,0,29,Maji
1855,Name1855,,13,M,4,,0,2,Maji
516,Name516,,13,F,8,,0,8,Maji
2053,Name2053,,9,F,3,,0,4,Maji
1515,Name1515,,13,F,3,,0,13,Maji
2507,Name2507,,9,F,5,,0,6,Maji
2694,Name2694,,11,F,3,,0,8,
1249,Name1249,,9,M,0,,0,6,Maji
2602,Mathias Kidawa,,60,M,4,2018.0,0,29,MiFiMa
2729,Name2729,,12,M,5,,0,13,
776,Name776,,11,M,3,,0,21,Maji
2199,Name2199,,61,F,5,,0,3,Maji
1757,Name1757,,8,F,6,,0,13,Maji
624,Name624,,14,F,3,,0,11,Maji
2037,Name2037,,12,M,5,,0,18,Maji
421,Name421,,8,F,3,,0,19,Maji
346,Name346,,14,F,5,,0,19,Maji
1273,Name1273,,25,F,6,,0,8,Maji
2490,Name2490,,7,M,5,,0,17,Maji
1342,Name1342,,14,M,3,,0,28,Maji
2788,Name2788,,27,F,1,,0,11,
1715,Name1715,,10,F,6,,0,8,Maji
2303,Name2303,,15,M,4,,0,9,Maji
1050,Name1050,,7,M,5,,0,14,Maji
88,Name88,,13,F,3,,0,6,Maji
1555,Name1555,,60,M,4,,0,4,Maji
2156,Name2156,,8,F,1,,0,28,Maji
1709,Name1709,,21,M,3,,0,4,Maji
1688,Name1688,,26,M,1,,0,29,Maji
887,Name887,,27,F,3,,0,26,Maji
2780,Name2780,,7,F,2,,0,14,
1645,Name1645,,78,F,4,,0,24,Maji
1074,Name1074,,9,M,6,,0,20,Maji
2382,Name2382,,12,F,1,,0,16,Maji
1425,Name1425,,11,F,4,,0,25,Maji
1042,Name1042,,12,M,5,,0,14,Maji
1095,Name1095,,11,F,4,,0,7,Maji
2553,Name2553,,9,F,0,,0,25,Maji
1508,Name1508,,12,M,6,,0,28,Maji
850,Name850,,34,F,6,,0,19,Maji
2446,Name2446,,13,M,6,,0,28,Maji
1312,Name1312,,8,F,4,,0,24,Maji
333,Name333,,10,F,3,,0,28,Maji
388,Name388,,14,F,6,,0,15,Maji
2605,Name2605,,13,F,1,,0,4,
2591,Name2591,,15,F,3,,0,4,Maji
2013,Name2013,,56,F,4,,0,22,Maji
173,Name173,,13,F,3,,0,21,Maji
2352,Name2352,,13,F,6,,0,20,Maji
2018,Name2018,,12,F,4,,0,28,Maji
1789,Name1789,,10,F,6,,0,23,Maji
1724,Name1724,,12,F,6,,0,20,Maji
182,Name182,,13,F,3,,0,19,Maji
1373,Name1373,,13,M,6,,0,8,Maji
739,Name739,,11,M,4,,0,22,Maji
2468,Name2468,,10,M,0,,0,14,Maji
2773,Name2773,,27,M,6,,0,13,
855,Name855,,13,F,3,,0,28,Maji
1621,Name1621,,10,F,6,,0,14,Maji
1972,Name1972,,8,F,4,,0,3,Maji
2315,Name2315,,22,F,4,,0,12,Maji
1564,Name1564,,15,F,6,,0,27,Maji
1041,Name1041,,8,F,6,,0,18,Maji
1620,Name1620,,13,M,4,,0,22,Maji
75,Name75,,13,M,3,,0,19,Maji
949,Name949,,12,F,3,,0,8,Maji
1188,Name1188,,56,M,2,,0,24,Maji
589,Name589,,11,F,4,,0,25,Maji
1091,Name1091,,10,F,2,,0,19,Maji
532,Name532,,10,M,6,,0,21,Maji
1469,Name1469,,13,M,1,,0,2,Maji
1624,Name1624,,45,F,3,,0,25,Maji
2128,Name2128,,13,M,3,,0,3,Maji
1093,Name1093,,11,M,4,,0,28,Maji
571,Name571,,10,F,6,,0,23,Maji
1560,Name1560,,13,M,4,,0,7,Maji
1119,Name1119,,13,F,6,,0,22,Maji
2484,Name2484,,10,M,4,,0,9,Maji
604,Name604,,12,F,2,,0,25,Maji
2540,Name2540,,14,F,2,,0,20,Maji
115,Name115,,12,M,5,,0,6,Maji
902,Name902,,8,F,6,,0,20,Maji
962,Name962,,9,M,5,,0,19,Maji
1770,Name1770,,13,F,4,,0,20,Maji
1006,Name1006,,22,M,1,,0,3,Maji
285,Name285,,13,F,4,,0,13,Maji
1677,Name1677,,13,F,6,,0,17,Maji
2336,Name2336,,24,M,4,,0,29,Maji
1379,Name1379,,8,M,5,,0,12,Maji
2267,Name2267,,13,M,4,,0,19,Maji
1721,Name1721,,10,F,7,,0,13,Maji
2004,Name2004,,13,M,3,,0,27,Maji
1407,Name1407,,13,F,6,,0,29,Maji
332,Name332,,61,M,2,,0,20,Maji
1338,Name1338,,14,F,1,,0,28,Maji
2201,Name2201,,9,F,6,,0,27,Maji
2688,Name2688,,13,M,2,,0,17,
23,Name23,,11,M,1,,0,26,Maji
336,Name336,,12,F,6,,0,5,Maji
227,Name227,,8,F,6,,0,16,Maji
2839,Name2839,,14,F,4,,0,3,
1255,Name1255,,25,M,6,,0,24,Maji
1982,Name1982,,11,M,6,,0,4,Maji
2461,Name2461,,11,F,4,,0,19,Maji
152,Name152,,12,M,4,,0,28,Maji
1468,Name1468,,13,M,5,,0,22,Maji
2620,Name2620,,39,F,3,,0,5,
1378,Name1378,,9,F,4,,0,22,Maji
1394,Name1394,,14,M,1,,0,9,Maji
1763,Name1763,,10,F,6,,0,7,Maji
2136,Name2136,,10,F,2,,0,22,Maji
32,Name32,,11,F,4,,0,8,Maji
645,Name645,,12,M,4,,0,26,Maji
301,Name301,,11,M,2,,0,21,Maji
784,Name784,,10,F,1,,0,19,Maji
2196,Name2196,,49,M,6,,0,14,Maji
2061,Name2061,,11,F,1,,0,12,Maji
1113,Name1113,,12,F,4,,0,10,Maji
1405,Name1405,,12,M,5,,0,26,Maji
12,Name12,,13,F,4,,0,3,Maji
1430,Name1430,,8,F,3,,0,25,Maji
985,Name985,,10,M,2,,0,15,Maji
1947,Name1947,,11,F,6,,0,5,Maji
188,Name188,,13,F,2,,0,7,Maji
1433,Name1433,,24,F,6,,0,2,Maji
785,Name785,,11,F,4,,0,17,Maji
2522,Name2522,,9,F,6,,0,20,Maji
1457,Name1457,,7,M,6,,0,23,Maji
871,Name871,,40,M,3,,0,24,Maji
273,Name273,,24,F,3,,0,12,Maji
1138,Name1138,,13,F,3,,0,15,Maji
2031,Name2031,,7,M,3,,0,11,Maji
2829,Name2829,,13,M,3,,0,23,
1945,Name1945,,12,F,7,,0,12,Maji
2661,Name2661,,12,F,1,,0,6,
2821,Name2821,,10,M,6,,0,22,
1031,Name1031,,12,F,5,,0,5,Maji
1968,Name1968,,11,F,6,,0,2,Maji
292,Name292,,14,M,1,,0,21,Maji
2775,Name2775,,41,F,3,,0,12,
2208,Name2208,,8,M,4,,0,17,Maji
416,Name416,,11,M,1,,0,23,Maji
1295,Name1295,,11,M,6,,0,19,Maji
2774,Name2774,,23,M,2,,0,28,
1797,Name1797,,8,F,4,,0,29,Maji
2447,Name2447,,13,F,6,,0,18,Maji
177,Name177,,13,F,4,,0,3,Maji
877,Name877,,9,F,4,,0,10,Maji
1967,Name1967,,11,M,3,,0,2,Maji
1747,Name1747,,9,F,6,,0,12,Maji
2378,Name2378,,8,M,7,,0,7,Maji
1073,Name1073,,8,F,6,,0,23,Maji
2621,Name2621,,12,F,6,,0,14,
2074,Name2074,,9,M,5,,0,7,Maji
2245,Name2245,,12,M,6,,0,24,Maji
2312,Name2312,,8,F,4,,0,16,Maji
410,Name410,,61,F,4,,0,10,Maji
271,Name271,,9,F,3,,0,23,Maji
529,Name529,,11,F,6,,0,12,Maji
139,Name139,,16,F,6,,0,27,Maji
709,Name709,,35,M,6,,0,29,Maji
400,Name400,,10,M,1,,0,27,Maji
1729,Name1729,,9,F,4,,0,10,Maji
1751,Name1751,,14,F,6,,0,22,Maji
390,Name390,,14,M,6,,0,18,Maji
1069,Name1069,,22,M,6,,0,6,Maji
2379,Name2379,,12,M,2,,0,19,Maji
2121,Name2121,,10,F,5,,0,21,Maji
508,Name508,,14,M,2,,0,16,Maji
1791,Name1791,,9,F,2,,0,5,Maji
380,Name380,,11,F,6,,0,4,Maji
1670,Name1670,,14,M,4,,0,9,Maji
2150,Name2150,,8,F,5,,0,8,Maji
1307,Name1307,,12,M,4,,0,29,Maji
205,Name205,,8,F,3,,0,26,Maji
1190,Name1190,,61,F,4,,0,25,Maji
2266,Name2266,,12,F,4,,0,6,Maji
2124,Name2124,,10,M,6,,0,29,Maji
2586,Name2586,,4,F,3,,0,5,Maji
836,Name836,,11,M,2,,0,23,Maji
2396,Name2396,,10,F,6,,0,20,Maji
827,Name827,,10,M,6,,0,14,Maji
2625,Name2625,,10,M,3,,0,22,
2563,Name2563,,13,M,6,,0,24,Maji
625,Name625,,23,F,4,,0,25,Maji
2420,Name2420,,12,M,2,,0,14,Maji
33,Name33,,12,F,4,,0,22,Maji
457,Name457,,9,F,6,,0,19,Maji
1668,Name1668,,7,F,3,,0,14,Maji
1346,Name1346,,11,F,4,,0,18,Maji
1428,Name1428,,14,F,1,,0,19,Maji
1901,Name1901,,7,F,6,,0,11,Maji
1400,Name1400,,27,F,5,,0,9,Maji
2217,Name2217,,9,M,0,,0,17,Maji
97,Name97,,10,M,2,,0,13,Maji
658,Name658,,12,M,6,,0,23,Maji
294,Name294,,48,M,4,,0,3,Maji
2797,Name2797,,11,F,2,,0,15,
401,Name401,,13,F,6,,0,13,Maji
1989,Name1989,,10,F,4,,0,24,Maji
2499,Name2499,,9,M,8,,0,13,Maji
759,Name759,,10,M,6,,0,25,Maji
37,Name37,,13,F,6,,0,21,Maji
1758,Name1758,,8,F,5,,0,13,Maji
1498,Name1498,,12,F,4,,0,6,Maji
2342,Name2342,,27,M,6,,0,10,Maji
1577,Name1577,,11,F,7,,0,19,Maji
122,Name122,,13,M,5,,0,19,Maji
404,Name404,,13,F,5,,0,23,Maji
875,Name875,,12,F,5,,0,21,Maji
2309,Name2309,,23,F,1,,0,22,Maji
1913,Name1913,,13,F,6,,0,12,Maji
1270,Name1270,,10,M,8,,0,2,Maji
2641,Name2641,,12,F,6,,0,25,
2754,Name2754,,10,F,4,,0,24,
2250,Name2250,,23,F,6,,0,18,Maji
1116,Name1116,,13,F,4,,0,24,Maji
467,Name467,,13,F,3,,0,14,Maji
816,Name816,,56,M,5,,0,26,Maji
1207,Name1207,,11,M,7,,0,27,Maji
919,Name919,,9,M,4,,0,14,Maji
835,Name835,,41,M,5,,0,23,Maji
168,Name168,,39,F,4,,0,14,Maji
531,Name531,,11,M,1,,0,19,Maji
2771,Name2771,,10,M,6,,0,19,
2263,Name2263,,11,M,2,,0,25,Maji
629,Name629,,10,F,1,,0,22,Maji
2698,Name2698,,7,M,6,,0,9,
1443,Name1443,,12,F,5,,0,28,Maji
2630,Name2630,,14,F,4,,0,18,
407,Name407,,9,F,3,,0,25,Maji
2724,Name2724,,12,M,4,,0,12,
2120,Name2120,,9,M,6,,0,6,Maji
1499,Name1499,,8,M,4,,0,4,Maji
1440,Name1440,,12,F,2,,0,27,Maji
2668,Name2668,,12,F,5,,0,13,
354,Name354,,13,F,5,,0,20,Maji
2220,Name2220,,55,M,4,,0,15,Maji
499,Name499,,22,M,3,,0,24,Maji
1888,Name1888,,14,M,4,,0,10,Maji
1330,Name1330,,8,M,4,,0,17,Maji
2350,Name2350,,10,F,3,,0,15,Maji
746,Name746,,13,M,2,,0,4,Maji
1130,Name1130,,56,F,4,,0,24,Maji
94,Name94,,8,F,2,,0,27,Maji
1162,Name1162,,11,M,1,,0,6,Maji
549,Name549,,10,F,3,,0,28,Maji
995,Name995,,7,F,6,,0,3,Maji
895,Name895,,13,F,4,,0,13,Maji
1490,Name1490,,11,F,2,,0,3,Maji
1279,Name1279,,13,F,7,,0,16,Maji
670,Name670,,12,M,2,,0,19,Maji
1841,Name1841,,50,F,4,,0,26,Maji
2160,Name2160,,13,F,6,,0,15,Maji
381,Name381,,4,M,5,,0,7,Maji
1068,Name1068,,13,M,3,,0,29,Maji
1934,Name1934,,7,F,4,,0,2,Maji
795,Name795,,9,M,6,,0,17,Maji
1979,Name1979,,13,M,6,,0,15,Maji
619,Name619,,12,M,1,,0,24,Maji
222,Name222,,9,M,2,,0,25,Maji
2622,Name2622,,30,M,4,,0,6,
832,Name832,,10,M,3,,0,22,Maji
968,Name968,,9,M,1,,0,10,Maji
1877,Name1877,,8,M,4,,0,20,Maji
1170,Name1170,,11,F,5,,0,23,Maji
2219,Name2219,,13,M,4,,0,19,Maji
1345,Name1345,,12,M,6,,0,11,Maji
84,Name84,,9,M,1,,0,23,Maji
1592,Name1592,,11,F,6,,0,19,Maji
128,Name128,,49,F,5,,0,29,Maji
1571,Name1571,,13,M,2,,0,29,Maji
394,Name394,,7,F,5,,0,12,Maji
781,Name781,,13,F,4,,0,12,Maji
924,Name924,,16,F,1,,0,8,Maji
2734,Name2734,,11,F,6,,0,23,
2282,Name2282,,9,F,3,,0,12,Maji
461,Name461,,10,M,6,,0,8,Maji
2629,Name2629,,24,M,4,,0,24,
2039,Name2039,,12,M,5,,0,6,Maji
1287,Name1287,,12,F,2,,0,3,Maji
849,Name849,,8,F,6,,0,3,Maji
2836,Name2836,,56,M,4,,0,5,
118,Name118,,11,F,6,,0,15,Maji
2254,Name2254,,12,F,3,,0,6,Maji
833,Name833,,11,F,5,,0,9,Maji
1007,Name1007,,11,F,4,,0,21,Maji
2052,Name2052,,11,M,4,,0,22,Maji
809,Name809,,11,F,3,,0,26,Maji
999,Name999,,8,F,2,,0,6,Maji
1784,Name1784,,11,F,1,,0,28,Maji
39,Name39,,6,F,4,,0,2,Maji
184,Name184,,10,F,4,,0,24,Maji
2202,Name2202,,13,F,3,,0,3,Maji
904,Name904,,12,F,4,,0,10,Maji
2082,Name2082,,10,F,4,,0,22,Maji
433,Name433,,9,M,4,,0,26,Maji
801,Name801,,15,F,4,,0,12,Maji
1589,Name1589,,8,F,1,,0,23,Maji
1076,Name1076,,12,F,1,,0,21,Maji
1467,Name1467,,13,M,1,,0,15,Maji
1453,Name1453,,12,M,5,,0,12,Maji
2271,Name2271,,10,M,3,,0,23,Maji
99,Name99,,13,F,4,,0,20,Maji
2057,Name2057,,14,M,1,,0,17,Maji
2760,Name2760,,14,M,3,,0,3,
1327,Name1327,,12,M,6,,0,5,Maji
1932,Name1932,,40,M,6,,0,6,Maji
2334,Name2334,,9,M,1,,0,20,Maji
126,Name126,,10,M,4,,0,23,Maji
2573,Name2573,,24,M,4,,0,19,Maji
2807,Name2807,,11,F,2,,0,23,
2414,Name2414,,12,F,3,,0,10,Maji
357,Name357,,9,M,2,,0,19,Maji
2157,Name2157,,13,M,5,,0,17,Maji
953,Name953,,9,F,4,,0,24,Maji
1694,Name1694,,13,M,3,,0,10,Maji
477,Name477,,7,F,4,,0,25,Maji
131,Name131,,11,M,4,,0,10,Maji
1933,Name1933,,13,M,5,,0,18,Maji
2544,Name2544,,11,M,4,,0,17,Maji
350,Name350,,11,F,1,,0,19,Maji
2527,Name2527,,8,F,5,,0,15,Maji
1601,Name1601,,12,F,6,,0,19,Maji
2375,Name2375,,12,F,1,,0,23,Maji
599,Name599,,13,F,6,,0,27,Maji
1178,Name1178,,10,F,3,,0,10,Maji
20,Name20,,10,F,6,,0,14,Maji
692,Name692,,8,M,3,,0,14,Maji
786,Name786,,11,M,6,,0,10,Maji
169,Name169,,27,M,5,,0,13,Maji
735,Name735,,49,F,7,,0,10,Maji
916,Name916,,7,F,2,,0,4,Maji
2555,Name2555,,40,M,5,,0,15,Maji
2108,Name2108,,8,F,4,,0,6,Maji
1344,Name1344,,8,M,1,,0,4,Maji
1410,Name1410,,26,M,3,,0,3,Maji
26,Name26,,12,F,3,,0,13,Maji
178,Name178,,49,M,4,,0,26,Maji
2050,Name2050,,12,M,2,,0,8,Maji
2818,Name2818,,56,M,3,,0,5,
2198,Name2198,,13,M,3,,0,27,Maji
48,Name48,,12,M,2,,0,21,Maji
2084,Name2084,,10,M,4,,0,25,Maji
158,Name158,,16,M,6,,0,20,Maji
2089,Name2089,,13,F,7,,0,15,Maji
1086,Name1086,,13,M,3,,0,22,Maji
295,Name295,,12,M,5,,0,3,Maji
319,Name319,,9,F,6,,0,9,Maji
2654,Name2654,,15,F,1,,0,5,
714,Name714,,7,F,4,,0,25,Maji
230,Name230,,11,M,4,,0,7,Maji
1799,Name1799,,35,M,4,,0,2,Maji
1389,Name1389,,9,F,6,,0,28,Maji
2714,Name2714,,13,M,3,,0,22,
556,Name556,,9,F,3,,0,8,Maji
15,Name15,,60,F,3,,0,5,Maji
876,Name876,,22,F,6,,0,6,Maji
1960,Name1960,,11,F,7,,0,8,Maji
2182,Name2182,,11,F,6,,0,20,Maji
1717,Name1717,,9,M,6,,0,2,Maji
2759,Name2759,,11,M,3,,0,5,
1623,Name1623,,12,F,3,,0,15,Maji
1310,Name1310,,11,F,5,,0,25,Maji
68,Name68,,24,F,2,,0,4,Maji
2561,Name2561,,12,M,5,,0,23,Maji
2337,Name2337,,13,M,2,,0,26,Maji
1788,Name1788,,11,F,6,,0,29,Maji
1598,Name1598,,29,F,7,,0,7,Maji
2556,Name2556,,10,M,3,,0,21,Maji
617,Name617,,56,F,1,,0,21,Maji
2293,Name2293,,13,F,4,,0,23,Maji
2659,Name2659,,11,F,8,,0,3,
323,Name323,,7,F,3,,0,27,Maji
524,Name524,,7,F,6,,0,18,Maji
1685,Name1685,,22,F,3,,0,7,Maji
893,Name893,,25,M,6,,0,28,Maji
1835,Name1835,,13,M,5,,0,17,Maji
2028,Name2028,,11,F,5,,0,20,Maji
135,Name135,,12,M,3,,0,25,Maji
560,Name560,,12,F,5,,0,12,Maji
693,Name693,,13,M,4,,0,25,Maji
1078,Name1078,,24,M,3,,0,23,Maji
302,Name302,,9,F,2,,0,2,Maji
214,Name214,,10,M,3,,0,29,Maji
1505,Name1505,,9,F,5,,0,24,Maji
2647,Name2647,,14,M,2,,0,17,
1518,Name1518,,8,F,6,,0,6,Maji
1787,Name1787,,15,M,6,,0,27,Maji
138,Name138,,12,F,5,,0,13,Maji
2534,Name2534,,9,M,1,,0,4,Maji
1822,Name1822,,14,F,4,,0,4,Maji
1513,Name1513,,35,F,4,,0,21,Maji
235,Name235,,9,F,6,,0,7,Maji
1439,Name1439,,14,M,2,,0,11,Maji
2745,Name2745,,12,F,3,,0,12,
2793,Name2793,,13,M,3,,0,18,
1701,Name1701,,13,F,6,,0,10,Maji
1027,Name1027,,13,F,2,,0,2,Maji
454,Name454,,13,F,6,,0,11,Maji
2213,Name2213,,14,F,5,,0,10,Maji
622,Name622,,10,F,4,,0,22,Maji
207,Name207,,6,M,5,,0,22,Maji
175,Name175,,11,F,4,,0,4,Maji
2588,Name2588,,12,F,6,,0,11,Maji
2125,Name2125,,11,F,1,,0,8,Maji
2055,Name2055,,13,F,4,,0,18,Maji
2388,Name2388,,7,F,3,,0,10,Maji
1324,Name1324,,13,M,2,,0,28,Maji
1099,Name1099,,11,F,5,,0,7,Maji
1761,Name1761,,12,F,5,,0,6,Maji
2538,Name2538,,9,M,3,,0,27,Maji
1883,Name1883,,15,F,6,,0,16,Maji
2846,Name2846,,11,M,5,,0,28,
1293,Name1293,,9,F,5,,0,9,Maji
2841,Name2841,,11,F,2,,0,25,
668,Name668,,12,F,3,,0,3,Maji
1199,Name1199,,12,M,7,,0,3,Maji
165,Name165,,11,M,2,,0,27,Maji
2244,Name2244,,7,F,6,,0,20,Maji
1343,Name1343,,12,F,4,,0,13,Maji
2364,Name2364,,13,F,5,,0,29,Maji
1001,Name1001,,10,M,3,,0,11,Maji
1614,Name1614,,11,M,3,,0,5,Maji
65,Name65,,13,F,1,,0,14,Maji
1962,Name1962,,56,F,3,,0,10,Maji
1826,Name1826,,9,M,5,,0,25,Maji
153,Name153,,8,M,4,,0,21,Maji
540,Name540,,28,F,4,,0,6,Maji
1234,Name1234,,10,F,5,,0,5,Maji
2185,Name2185,,8,M,3,,0,15,Maji
2403,Name2403,,8,M,7,,0,22,Maji
703,Name703,,12,M,5,,0,11,Maji
2743,Name2743,,12,F,4,,0,8,
1434,Name1434,,9,F,6,,0,22,Maji
2154,Name2154,,8,F,3,,0,3,Maji
2115,Name2115,,13,F,0,,0,17,Maji
942,Name942,,13,M,2,,0,26,Maji
1421,Name1421,,8,M,3,,0,8,Maji
1148,Name1148,,10,F,4,,0,25,Maji
1248,Name1248,,13,M,6,,0,11,Maji
1695,Name1695,,13,F,4,,0,3,Maji
2607,Name2607,,12,M,4,,0,6,
544,Name544,,10,F,4,,0,26,Maji
2597,Name2597,,9,F,3,,0,26,Maji
972,Name972,,10,M,1,,0,11,Maji
237,Name237,,8,M,6,,0,6,Maji
2114,Name2114,,10,M,3,,0,25,Maji
386,Name386,,14,F,4,,0,7,Maji
1103,Name1103,,12,M,2,,0,24,Maji
487,Name487,,11,M,4,,0,20,Maji
2341,Name2341,,11,M,4,,0,4,Maji
1362,Name1362,,15,F,6,,0,29,Maji
939,Name939,,14,F,7,,0,27,Maji
1151,Name1151,,10,M,4,,0,5,Maji
40,Name40,,10,F,6,,0,21,Maji
983,Name983,,11,F,6,,0,16,Maji
699,Name699,,9,F,1,,0,9,Maji
1546,Name1546,,8,F,1,,0,20,Maji
2585,Name2585,,13,F,3,,0,27,Maji
723,Name723,,13,F,4,,0,15,Maji
486,Name486,,13,F,8,,0,6,Maji
1349,Name1349,,7,F,4,,0,3,Maji
251,Name251,,13,F,4,,0,23,Maji
2697,Name2697,,10,M,3,,0,11,
1726,Name1726,,13,F,5,,0,8,Maji
1454,Name1454,,8,M,4,,0,24,Maji
121,Name121,,9,F,6,,0,20,Maji
908,Name908,,9,F,2,,0,2,Maji
368,Name368,,10,F,4,,0,21,Maji
1581,Name1581,,11,F,4,,0,18,Maji
2417,Name2417,,48,M,5,,0,12,Maji
940,Name940,,10,M,3,,0,23,Maji
7,Name7,,13,F,6,,0,6,Maji
2102,Name2102,,14,F,1,,0,4,Maji
1,Name1,,12,F,6,,0,26,Maji
2175,Name2175,,10,F,2,,0,29,Maji
2404,Name2404,,13,F,3,,0,8,Maji
1531,Name1531,,13,F,2,,0,4,Maji
1684,Name1684,,13,M,6,,0,23,Maji
408,Name408,,48,F,7,,0,14,Maji
501,Name501,,13,F,2,,0,14,Maji
519,Name519,,56,F,5,,0,12,Maji
2812,Name2812,,12,M,0,,0,23,
1272,Name1272,,13,F,6,,0,21,Maji
1398,Name1398,,50,M,0,,0,15,Maji
2064,Name2064,,13,F,3,,0,21,Maji
611,Name611,,12,F,4,,0,3,Maji
1975,Name1975,,31,M,3,,0,14,Maji
95,Name95,,8,M,6,,0,22,Maji
2277,Name2277,,9,F,6,,0,12,Maji
2167,Name2167,,13,M,6,,0,18,Maji
1762,Name1762,,13,M,4,,0,28,Maji
145,Name145,,8,M,2,,0,6,Maji
439,Name439,,14,M,2,,0,11,Maji
2465,Name2465,,7,F,3,,0,10,Maji
219,Name219,,8,M,2,,0,25,Maji
1927,Name1927,,13,F,5,,0,29,Maji
1213,Name1213,,11,M,6,,0,27,Maji
797,Name797,,8,F,6,,0,23,Maji
398,Name398,,27,F,3,,0,27,Maji
1336,Name1336,,14,M,2,,0,12,Maji
860,Name860,,8,F,6,,0,9,Maji
190,Name190,,13,M,6,,0,27,Maji
1355,Name1355,,10,M,5,,0,19,Maji
383,Name383,,7,F,1,,0,18,Maji
321,Name321,,10,F,3,,0,25,Maji
1369,Name1369,,12,M,4,,0,12,Maji
1891,Name1891,,13,F,2,,0,19,Maji
1071,Name1071,,14,M,3,,0,28,Maji
2011,Name2011,,8,M,0,,0,10,Maji
102,Name102,,7,F,6,,0,8,Maji
1885,Name1885,,11,F,7,,0,22,Maji
527,Name527,,11,M,5,,0,2,Maji
1411,Name1411,,7,F,1,,0,4,Maji
1455,Name1455,,13,M,4,,0,4,Maji
1301,Name1301,,75,F,6,,0,19,Maji
1605,Name1605,,12,F,4,,0,5,Maji
974,Name974,,12,M,4,,0,20,Maji
1902,Name1902,,8,M,4,,0,16,Maji
862,Name862,,13,M,6,,0,29,Maji
584,Name584,,9,F,4,,0,22,Maji
811,Name811,,12,F,6,,0,14,Maji
223,Name223,,7,F,4,,0,24,Maji
1686,Name1686,,12,F,4,,0,5,Maji
1015,Name1015,,12,F,3,,0,20,Maji
697,Name697,,8,F,2,,0,15,Maji
2445,Name2445,,39,F,5,,0,8,Maji
1538,Name1538,,8,M,3,,0,6,Maji
1194,Name1194,,12,M,4,,0,19,Maji
569,Name569,,13,M,6,,0,5,Maji
1485,Name1485,,9,F,4,,0,10,Maji
1894,Name1894,,12,M,8,,0,13,Maji
2000,Name2000,,9,F,8,,0,29,Maji
2010,Name2010,,14,F,3,,0,7,Maji
2806,Name2806,,7,F,5,,0,29,
1066,Name1066,,9,F,4,,0,5,Maji
632,Name632,,9,M,4,,0,2,Maji
2638,Name2638,,12,M,2,,0,12,
1997,Name1997,,15,M,8,,0,28,Maji
2782,Name2782,,14,F,4,,0,18,
1257,Name1257,,11,F,6,,0,18,Maji
2609,Name2609,,10,F,3,,0,9,
151,Name151,,34,F,3,,0,12,Maji
1500,Name1500,,15,F,6,,0,6,Maji
1731,Name1731,,8,F,5,,0,10,Maji
1464,Name1464,,8,F,6,,0,18,Maji
2478,Name2478,,20,F,6,,0,11,Maji
2384,Name2384,,56,M,6,,0,6,Maji
2214,Name2214,,13,F,6,,0,28,Maji
725,Name725,,13,M,3,,0,17,Maji
1114,Name1114,,8,F,6,,0,2,Maji
659,Name659,,10,M,0,,0,26,Maji
2398,Name2398,,15,M,2,,0,15,Maji
69,Name69,,13,F,5,,0,3,Maji
468,Name468,,13,F,4,,0,22,Maji
563,Name563,,8,M,4,,0,24,Maji
1488,Name1488,,10,F,2,,0,4,Maji
1106,Name1106,,7,M,6,,0,7,Maji
1923,Name1923,,14,M,4,,0,24,Maji
1958,Name1958,,40,F,3,,0,20,Maji
1253,Name1253,,30,F,6,,0,29,Maji
1383,Name1383,,11,F,5,,0,3,Maji
537,Name537,,37,F,6,,0,9,Maji
665,Name665,,6,F,6,,0,23,Maji
206,Name206,,7,F,6,,0,7,Maji
2376,Name2376,,11,M,1,,0,4,Maji
47,Name47,,24,M,0,,0,17,Maji
1438,Name1438,,7,M,4,,0,13,Maji
1805,Name1805,,10,F,1,,0,11,Maji
1088,Name1088,,13,F,4,,0,5,Maji
1692,Name1692,,10,F,4,,0,15,Maji
481,Name481,,9,M,1,,0,2,Maji
1247,Name1247,,4,F,6,,0,9,Maji
2226,Name2226,,28,F,4,,0,25,Maji
733,Name733,,14,M,4,,0,8,Maji
825,Name825,,61,F,6,,0,5,Maji
2284,Name2284,,7,F,3,,0,20,Maji
716,Name716,,24,F,5,,0,4,Maji
660,Name660,,12,F,5,,0,17,Maji
2482,Name2482,,11,F,3,,0,8,Maji
2791,Name2791,,10,M,0,,0,3,
878,Name878,,12,F,3,,0,8,Maji
1109,Name1109,,9,M,3,,0,18,Maji
1126,Name1126,,9,F,3,,0,24,Maji
1082,Name1082,,13,F,3,,0,17,Maji
2710,Name2710,,14,M,5,,0,7,
2380,Name2380,,12,F,0,,0,17,Maji
1195,Name1195,,11,M,6,,0,8,Maji
2455,Name2455,,9,M,6,,0,2,Maji
2187,Name2187,,35,F,6,,0,23,Maji
113,Name113,,15,F,6,,0,10,Maji
1262,Name1262,,9,M,2,,0,27,Maji
1983,Name1983,,8,F,3,,0,3,Maji
2339,Name2339,,23,M,6,,0,18,Maji
260,Name260,,6,M,5,,0,26,Maji
49,Name49,,11,F,4,,0,28,Maji
764,Name764,,10,F,4,,0,27,Maji
667,Name667,,12,M,5,,0,23,Maji
2257,Name2257,,12,F,5,,0,28,Maji
1922,Name1922,,9,F,3,,0,21,Maji
2627,Name2627,,9,F,6,,0,10,
353,Name353,,13,M,2,,0,11,Maji
1863,Name1863,,11,F,1,,0,15,Maji
2351,Name2351,,9,F,5,,0,12,Maji
289,Name289,,10,M,3,,0,4,Maji
929,Name929,,8,M,1,,0,14,Maji
2764,Name2764,,13,M,4,,0,5,
431,Name431,,15,F,4,,0,14,Maji
179,Name179,,13,M,5,,0,14,Maji
987,Name987,,10,M,2,,0,21,Maji
412,Name412,,10,M,6,,0,20,Maji
204,Name204,,7,F,1,,0,25,Maji
2700,Name2700,,4,F,1,,0,7,
570,Name570,,12,F,3,,0,12,Maji
2372,Name2372,,12,F,4,,0,2,Maji
2409,Name2409,,9,F,3,,0,7,Maji
512,Name512,,27,F,3,,0,2,Maji
1572,Name1572,,13,M,4,,0,4,Maji
2280,Name2280,,11,M,2,,0,10,Maji
1122,Name1122,,11,F,4,,0,17,Maji
752,Name752,,13,M,6,,0,23,Maji
913,Name913,,12,F,5,,0,14,Maji
174,Name174,,11,F,5,,0,17,Maji
633,Name633,,14,F,5,,0,19,Maji
1328,Name1328,,9,M,5,,0,14,Maji
1356,Name1356,,13,M,1,,0,5,Maji
2159,Name2159,,13,M,1,,0,2,Maji
2158,Name2158,,8,F,3,,0,21,Maji
2200,Name2200,,13,F,4,,0,25,Maji
505,Name505,,15,M,3,,0,29,Maji
2643,Name2643,,10,F,6,,0,5,
1760,Name1760,,8,M,4,,0,13,Maji
606,Name606,,12,F,2,,0,15,Maji
326,Name326,,13,M,2,,0,7,Maji
2799,Name2799,,9,M,1,,0,8,
444,Name444,,11,F,1,,0,18,Maji
1808,Name1808,,13,M,6,,0,12,Maji
1991,Name1991,,11,M,6,,0,7,Maji
2572,Name2572,,9,F,6,,0,11,Maji
1004,Name1004,,10,M,0,,0,3,Maji
868,Name868,,9,M,1,,0,25,Maji
2493,Name2493,,9,F,4,,0,11,Maji
1671,Name1671,,56,F,5,,0,28,Maji
907,Name907,,48,F,2,,0,16,Maji
677,Name677,,12,M,4,,0,13,Maji
731,Name731,,14,M,3,,0,2,Maji
2495,Name2495,,34,M,6,,0,4,Maji
1375,Name1375,,9,M,6,,0,2,Maji
2722,Name2722,,9,F,2,,0,13,
854,Name854,,14,M,5,,0,6,Maji
547,Name547,,11,F,5,,0,16,Maji
1217,Name1217,,14,M,3,,0,22,Maji
2523,Name2523,,11,F,5,,0,27,Maji
1578,Name1578,,12,F,3,,0,13,Maji
19,Name19,,12,M,3,,0,4,Maji
1807,Name1807,,15,F,7,,0,22,Maji
2690,Name2690,,24,M,3,,0,28,
2151,Name2151,,8,M,6,,0,29,Maji
288,Name288,,10,M,2,,0,24,Maji
2300,Name2300,,10,M,4,,0,12,Maji
2317,Name2317,,12,M,4,,0,15,Maji
613,Name613,,7,M,6,,0,7,Maji
406,Name406,,8,F,6,,0,28,Maji
1699,Name1699,,13,F,2,,0,28,Maji
1278,Name1278,,8,M,4,,0,8,Maji
1780,Name1780,,9,M,3,,0,28,Maji
114,Name114,,11,F,6,,0,10,Maji
96,Name96,,27,F,6,,0,12,Maji
1097,Name1097,,9,M,4,,0,7,Maji
1317,Name1317,,8,F,3,,0,14,Maji
1337,Name1337,,11,F,4,,0,25,Maji
462,Name462,,8,F,7,,0,12,Maji
829,Name829,,10,F,5,,0,11,Maji
977,Name977,,7,F,5,,0,4,Maji
291,Name291,,12,M,3,,0,22,Maji
1211,Name1211,,12,F,4,,0,21,Maji
1008,Name1008,,8,M,4,,0,8,Maji
8,Name8,,15,M,4,,0,20,Maji
1892,Name1892,,14,M,6,,0,11,Maji
1752,Name1752,,25,F,6,,0,26,Maji
1710,Name1710,,9,F,3,,0,7,Maji
1781,Name1781,,10,F,6,,0,5,Maji
1319,Name1319,,9,F,2,,0,20,Maji
54,Name54,,46,M,4,,0,20,Maji
1314,Name1314,,15,F,3,,0,19,Maji
202,Name202,,8,M,1,,0,19,Maji
1472,Name1472,,13,F,6,,0,27,Maji
1172,Name1172,,11,F,6,,0,8,Maji
233,Name233,,12,F,4,,0,17,Maji
2129,Name2129,,27,F,8,,0,22,Maji
1171,Name1171,,14,F,1,,0,10,Maji
110,Name110,,56,F,3,,0,29,Maji
2795,Name2795,,14,M,3,,0,4,
267,Name267,,24,F,3,,0,13,Maji
607,Name607,,12,M,6,,0,10,Maji
2230,Name2230,,16,M,4,,0,22,Maji
2834,Name2834,,25,F,4,,0,25,
1395,Name1395,,12,M,7,,0,29,Maji
52,Name52,,46,M,5,,0,29,Maji
181,Name181,,10,F,2,,0,14,Maji
1010,Name1010,,10,F,3,,0,11,Maji
78,Name78,,14,F,4,,0,15,Maji
2736,Name2736,,10,M,6,,0,15,
1318,Name1318,,9,F,6,,0,28,Maji
1828,Name1828,,10,F,4,,0,22,Maji
1663,Name1663,,10,F,2,,0,14,Maji
2632,Name2632,,10,M,6,,0,4,
2173,Name2173,,12,F,3,,0,15,Maji
579,Name579,,22,F,6,,0,29,Maji
216,Name216,,7,F,6,,0,9,Maji
2595,Name2595,,7,F,2,,0,7,Maji
772,Name772,,9,M,3,,0,17,Maji
1520,Name1520,,14,M,2,,0,8,Maji
2695,Name2695,,26,F,4,,0,26,
1403,Name1403,,10,F,4,,0,5,Maji
2354,Name2354,,7,M,7,,0,10,Maji
1514,Name1514,,27,F,4,,0,8,Maji
789,Name789,,13,F,3,,0,29,Maji
727,Name727,,13,M,3,,0,8,Maji
2231,Name2231,,11,M,1,,0,6,Maji
2665,Name2665,,13,F,3,,0,10,
2130,Name2130,,15,M,4,,0,25,Maji
1165,Name1165,,13,M,5,,0,7,Maji
2086,Name2086,,54,M,4,,0,3,Maji
258,Name258,,10,M,4,,0,26,Maji
1020,Name1020,,12,M,4,,0,28,Maji
536,Name536,,12,F,2,,0,23,Maji
359,Name359,,12,M,4,,0,19,Maji
83,Name83,,10,F,6,,0,17,Maji
2234,Name2234,,9,M,4,,0,6,Maji
2065,Name2065,,39,M,5,,0,3,Maji
1718,Name1718,,9,F,1,,0,21,Maji
997,Name997,,8,F,4,,0,17,Maji
2677,Name2677,,4,M,3,,0,19,
2470,Name2470,,13,M,2,,0,23,Maji
2467,Name2467,,9,F,6,,0,14,Maji
671,Name671,,15,F,4,,0,17,Maji
1360,Name1360,,10,M,3,,0,29,Maji
1607,Name1607,,9,F,2,,0,8,Maji
1145,Name1145,,10,F,4,,0,25,Maji
605,Name605,,9,F,1,,0,5,Maji
694,Name694,,15,F,3,,0,6,Maji
1271,Name1271,,10,F,3,,0,17,Maji
691,Name691,,8,F,6,,0,4,Maji
1160,Name1160,,15,F,2,,0,4,Maji
1268,Name1268,,7,F,2,,0,23,Maji
451,Name451,,9,F,6,,0,22,Maji
2145,Name2145,,10,M,4,,0,12,Maji
2405,Name2405,,10,F,3,,0,26,Maji
1823,Name1823,,12,M,4,,0,3,Maji
1374,Name1374,,11,F,2,,0,17,Maji
337,Name337,,13,F,3,,0,25,Maji
538,Name538,,12,M,3,,0,12,Maji
2692,Name2692,,9,M,0,,0,28,
504,Name504,,8,F,4,,0,14,Maji
1667,Name1667,,7,F,5,,0,26,Maji
774,Name774,,13,F,5,,0,21,Maji
1563,Name1563,,11,F,3,,0,8,Maji
925,Name925,,15,F,6,,0,3,Maji
2164,Name2164,,7,F,4,,0,8,Maji
2472,Name2472,,12,M,6,,0,14,Maji
2161,Name2161,,10,M,3,,0,2,Maji
596,Name596,,10,M,5,,0,23,Maji
1565,Name1565,,13,M,1,,0,2,Maji
229,Name229,,24,F,5,,0,7,Maji
684,Name684,,13,F,5,,0,24,Maji
848,Name848,,10,F,3,,0,10,Maji
1133,Name1133,,12,F,1,,0,14,Maji
2119,Name2119,,11,F,1,,0,22,Maji
2516,Name2516,,22,F,6,,0,16,Maji
166,Name166,,12,F,2,,0,11,Maji
2505,Name2505,,12,F,5,,0,12,Maji
675,Name675,,11,M,4,,0,5,Maji
1274,Name1274,,12,F,4,,0,14,Maji
806,Name806,,13,F,4,,0,13,Maji
2076,Name2076,,12,M,2,,0,26,Maji
1043,Name1043,,13,M,1,,0,29,Maji
1142,Name1142,,9,F,6,,0,3,Maji
2249,Name2249,,14,F,4,,0,15,Maji
253,Name253,,8,F,3,,0,4,Maji
399,Name399,,10,F,3,,0,18,Maji
820,Name820,,7,F,3,,0,2,Maji
2197,Name2197,,11,M,7,,0,27,Maji
851,Name851,,10,F,6,,0,10,Maji
2113,Name2113,,10,F,2,,0,22,Maji
2669,Name2669,,13,F,6,,0,4,
2252,Name2252,,27,F,4,,0,17,Maji
1334,Name1334,,11,M,5,,0,18,Maji
1521,Name1521,,11,F,5,,0,20,Maji
1735,Name1735,,9,M,3,,0,21,Maji
278,Name278,,23,F,1,,0,20,Maji
1919,Name1919,,16,F,5,,0,25,Maji
1551,Name1551,,11,M,3,,0,4,Maji
898,Name898,,7,M,3,,0,15,Maji
1286,Name1286,,9,F,6,,0,4,Maji
1655,Name1655,,23,M,3,,0,11,Maji
200,Name200,,12,M,2,,0,24,Maji
2343,Name2343,,10,F,2,,0,15,Maji
1044,Name1044,,30,F,3,,0,15,Maji
2243,Name2243,,10,M,5,,0,15,Maji
2015,Name2015,,11,F,6,,0,24,Maji
1839,Name1839,,8,F,2,,0,11,Maji
2056,Name2056,,12,M,6,,0,17,Maji
2449,Name2449,,21,M,6,,0,25,Maji
2707,Name2707,,30,F,1,,0,2,
2769,Name2769,,34,M,2,,0,11,
2248,Name2248,,13,M,3,,0,5,Maji
2369,Name2369,,12,F,4,,0,6,Maji
1208,Name1208,,10,F,1,,0,26,Maji
2058,Name2058,,15,F,3,,0,4,Maji
823,Name823,,10,F,6,,0,2,Maji
2183,Name2183,,13,F,2,,0,22,Maji
1023,Name1023,,14,F,4,,0,12,Maji
2832,Name2832,,13,F,6,,0,28,
1665,Name1665,,8,M,5,,0,2,Maji
1978,Name1978,,13,M,4,,0,20,Maji
1184,Name1184,,12,M,3,,0,12,Maji
43,Name43,,12,F,6,,0,10,Maji
1723,Name1723,,14,F,0,,0,8,Maji
1223,Name1223,,11,F,6,,0,26,Maji
2581,Name2581,,13,F,3,,0,29,Maji
515,Name515,,8,F,1,,0,3,Maji
1796,Name1796,,11,F,4,,0,26,Maji
413,Name413,,12,M,6,,0,26,Maji
2838,Name2838,,13,F,2,,0,19,
572,Name572,,14,F,3,,0,27,Maji
1552,Name1552,,12,F,4,,0,7,Maji
2426,Name2426,,13,M,4,,0,10,Maji
620,Name620,,12,F,3,,0,29,Maji
1539,Name1539,,12,M,6,,0,29,Maji
2741,Name2741,,13,F,2,,0,14,
1628,Name1628,,10,F,2,,0,10,Maji
1615,Name1615,,60,F,4,,0,14,Maji
1525,Name1525,,13,M,4,,0,24,Maji
1493,Name1493,,9,F,1,,0,8,Maji
523,Name523,,10,F,8,,0,26,Maji
793,Name793,,13,F,4,,0,20,Maji
2726,Name2726,,8,F,1,,0,9,
1683,Name1683,,12,F,2,,0,2,Maji
810,Name810,,9,F,2,,0,28,Maji
403,Name403,,12,F,6,,0,8,Maji
1487,Name1487,,39,F,2,,0,4,Maji
246,Name246,,13,F,5,,0,12,Maji
808,Name808,,11,F,0,,0,7,Maji
1904,Name1904,,8,F,5,,0,20,Maji
2305,Name2305,,24,F,0,,0,5,Maji
844,Name844,,10,M,1,,0,26,Maji
2720,Name2720,,11,F,6,,0,2,
1559,Name1559,,56,F,3,,0,16,Maji
1810,Name1810,,13,F,8,,0,15,Maji
2731,Name2731,,11,F,0,,0,26,
2458,Name2458,,27,F,6,,0,23,Maji
865,Name865,,12,M,1,,0,28,Maji
2294,Name2294,,56,F,4,,0,29,Maji
852,Name852,,9,M,3,,0,17,Maji
1416,Name1416,,9,F,2,,0,22,Maji
950,Name950,,40,M,3,,0,24,Maji
1691,Name1691,,14,F,6,,0,5,Maji
2521,Name2521,,13,F,6,,0,3,Maji
250,Name250,,61,F,4,,0,4,Maji
1098,Name1098,,11,F,5,,0,24,Maji
1005,Name1005,,11,M,6,,0,26,Maji
2666,Name2666,,75,M,5,,0,7,
1641,Name1641,,8,F,5,,0,25,Maji
2259,Name2259,,54,M,6,,0,24,Maji
582,Name582,,10,M,4,,0,17,Maji
236,Name236,,9,M,4,,0,9,Maji
1426,Name1426,,10,M,5,,0,20,Maji
564,Name564,,7,F,7,,0,5,Maji
1862,Name1862,,8,F,6,,0,17,Maji
661,Name661,,13,M,3,,0,21,Maji
1177,Name1177,,14,F,3,,0,12,Maji
2346,Name2346,,8,M,3,,0,5,Maji
249,Name249,,12,F,2,,0,2,Maji
18,Name18,,14,M,2,,0,17,Maji
1653,Name1653,,13,F,1,,0,14,Maji
1554,Name1554,,13,M,5,,0,7,Maji
1067,Name1067,,9,M,5,,0,9,Maji
669,Name669,,10,F,6,,0,20,Maji
1240,Name1240,,12,M,5,,0,21,Maji
1441,Name1441,,13,F,4,,0,13,Maji
1227,Name1227,,9,F,6,,0,24,Maji
261,Name261,,10,M,5,,0,29,Maji
2552,Name2552,,13,F,5,,0,12,Maji
86,Name86,,7,F,6,,0,23,Maji
268,Name268,,11,F,4,,0,28,Maji
1354,Name1354,,12,F,5,,0,29,Maji
1557,Name1557,,11,F,3,,0,28,Maji
1708,Name1708,,9,F,3,,0,29,Maji
1852,Name1852,,13,M,6,,0,11,Maji
2651,Name2651,,24,M,8,,0,8,
349,Name349,,23,F,4,,0,2,Maji
1406,Name1406,,12,M,6,,0,8,Maji
947,Name947,,8,M,5,,0,8,Maji
1612,Name1612,,13,F,0,,0,27,Maji
834,Name834,,10,F,5,,0,15,Maji
1092,Name1092,,9,F,3,,0,20,Maji
2407,Name2407,,13,F,6,,0,2,Maji
737,Name737,,11,F,1,,0,24,Maji
2547,Name2547,,11,F,0,,0,29,Maji
2583,Name2583,,10,F,4,,0,29,Maji
2570,Name2570,,8,F,4,,0,20,Maji
879,Name879,,13,M,1,,0,3,Maji
1675,Name1675,,12,F,4,,0,4,Maji
594,Name594,,22,M,3,,0,22,Maji
1765,Name1765,,27,F,5,,0,21,Maji
612,Name612,,12,M,1,,0,21,Maji
1745,Name1745,,10,F,2,,0,23,Maji
2451,Name2451,,12,F,7,,0,22,Maji
483,Name483,,10,F,5,,0,3,Maji
577,Name577,,8,F,4,,0,7,Maji
28,Name28,,8,F,7,,0,5,Maji
64,Name64,,13,M,2,,0,18,Maji
111,Name111,,13,M,4,,0,3,Maji
1264,Name1264,,9,F,4,,0,17,Maji
2090,Name2090,,13,M,4,,0,17,Maji
2181,Name2181,,11,F,1,,0,10,Maji
627,Name627,,13,F,5,,0,27,Maji
1090,Name1090,,11,F,5,,0,9,Maji
4,Name4,,10,F,4,,0,5,Maji
464,Name464,,40,F,6,,0,10,Maji
1857,Name1857,,13,F,1,,0,23,Maji
2656,Name2656,,22,F,6,,0,2,
378,Name378,,12,M,4,,0,3,Maji
1860,Name1860,,8,F,4,,0,8,Maji
2699,Name2699,,11,F,7,,0,24,
1648,Name1648,,12,F,5,,0,5,Maji
125,Name125,,13,F,3,,0,6,Maji
2613,Name2613,,10,F,3,,0,4,
257,Name257,,12,F,5,,0,2,Maji
1899,Name1899,,10,M,4,,0,10,Maji
2640,Name2640,,9,F,4,,0,18,
1128,Name1128,,32,M,4,,0,14,Maji
2427,Name2427,,15,F,6,,0,19,Maji
2515,Name2515,,12,F,3,,0,22,Maji
2116,Name2116,,10,M,7,,0,12,Maji
511,Name511,,12,M,4,,0,17,Maji
1553,Name1553,,19,F,3,,0,29,Maji
432,Name432,,10,F,0,,0,7,Maji
2535,Name2535,,13,F,6,,0,7,Maji
651,Name651,,46,M,6,,0,24,Maji
1728,Name1728,,10,F,1,,0,9,Maji
2580,Name2580,,12,F,4,,0,24,Maji
2442,Name2442,,7,F,3,,0,29,Maji
753,Name753,,12,M,1,,0,8,Maji
2169,Name2169,,12,M,3,,0,28,Maji
1482,Name1482,,40,F,4,,0,12,Maji
2209,Name2209,,13,F,5,,0,22,Maji
199,Name199,,12,M,1,,0,8,Maji
263,Name263,,15,F,4,,0,15,Maji
676,Name676,,4,F,7,,0,11,Maji
2663,Name2663,,28,M,4,,0,3,
517,Name517,,46,F,6,,0,5,Maji
586,Name586,,8,M,4,,0,10,Maji
2295,Name2295,,7,M,4,,0,13,Maji
1853,Name1853,,9,M,4,,0,22,Maji
1687,Name1687,,10,F,1,,0,23,Maji
1229,Name1229,,9,F,4,,0,4,Maji
982,Name982,,15,F,2,,0,29,Maji
1540,Name1540,,9,F,2,,0,6,Maji
274,Name274,,12,F,5,,0,4,Maji
1626,Name1626,,14,F,4,,0,23,Maji
304,Name304,,14,F,4,,0,27,Maji
1412,Name1412,,9,M,4,,0,18,Maji
66,Name66,,12,M,4,,0,8,Maji
1326,Name1326,,10,F,4,,0,16,Maji
567,Name567,,13,F,6,,0,21,Maji
2049,Name2049,,11,F,6,,0,21,Maji
60,Name60,,14,F,6,,0,15,Maji
1055,Name1055,,9,M,4,,0,5,Maji
2117,Name2117,,8,M,6,,0,20,Maji
137,Name137,,13,M,3,,0,7,Maji
1146,Name1146,,14,M,6,,0,2,Maji
1174,Name1174,,9,F,1,,0,11,Maji
695,Name695,,13,M,4,,0,23,Maji
2685,Name2685,,9,F,4,,0,6,
1466,Name1466,,12,F,4,,0,12,Maji
1341,Name1341,,13,F,3,,0,7,Maji
44,Name44,,13,M,5,,0,27,Maji
2672,Name2672,,12,M,4,,0,11,
1611,Name1611,,26,F,5,,0,26,Maji
1456,Name1456,,10,F,6,,0,8,Maji
1772,Name1772,,10,F,4,,0,6,Maji
2514,Name2514,,12,F,3,,0,25,Maji
2509,Name2509,,10,M,4,,0,11,Maji
1083,Name1083,,7,F,4,,0,3,Maji
1843,Name1843,,9,F,5,,0,21,Maji
1541,Name1541,,12,M,3,,0,8,Maji
365,Name365,,14,M,2,,0,29,Maji
312,Name312,,9,F,6,,0,19,Maji
2756,Name2756,,56,F,6,,0,17,
1658,Name1658,,11,F,4,,0,22,Maji
2099,Name2099,,9,M,3,,0,4,Maji
2732,Name2732,,13,M,5,,0,20,
1532,Name1532,,14,M,2,,0,18,Maji
2506,Name2506,,11,F,1,,0,24,Maji
889,Name889,,10,F,6,,0,17,Maji
2452,Name2452,,8,M,4,,0,12,Maji
943,Name943,,9,F,3,,0,28,Maji
1252,Name1252,,9,M,2,,0,4,Maji
745,Name745,,13,F,0,,0,17,Maji
2670,Name2670,,13,F,6,,0,18,
2746,Name2746,,13,F,5,,0,25,
969,Name969,,13,M,2,,0,28,Maji
35,Name35,,11,F,5,,0,26,Maji
473,Name473,,7,F,4,,0,7,Maji
189,Name189,,9,F,3,,0,19,Maji
1696,Name1696,,56,M,2,,0,3,Maji
1246,Name1246,,12,F,5,,0,5,Maji
948,Name948,,9,F,6,,0,21,Maji
1542,Name1542,,12,F,3,,0,28,Maji
208,Name208,,13,F,4,,0,21,Maji
1105,Name1105,,11,M,5,,0,3,Maji
1393,Name1393,,7,F,3,,0,22,Maji
2274,Name2274,,10,M,3,,0,10,Maji
1936,Name1936,,11,F,4,,0,21,Maji
1858,Name1858,,7,F,3,,0,8,Maji
513,Name513,,12,F,2,,0,20,Maji
936,Name936,,11,M,5,,0,28,Maji
1167,Name1167,,13,M,7,,0,17,Maji
2410,Name2410,,7,M,4,,0,18,Maji
715,Name715,,12,F,1,,0,3,Maji
2650,Name2650,,11,M,6,,0,27,
1102,Name1102,,27,F,2,,0,4,Maji
1384,Name1384,,24,F,6,,0,11,Maji
621,Name621,,12,M,4,,0,15,Maji
2347,Name2347,,10,F,3,,0,15,Maji
2614,Name2614,,27,M,3,,0,17,
1215,Name1215,,39,F,1,,0,10,Maji
1096,Name1096,,9,F,6,,0,24,Maji
2025,Name2025,,12,F,7,,0,6,Maji
1638,Name1638,,10,F,3,,0,21,Maji
2066,Name2066,,4,F,3,,0,23,Maji
55,Name55,,10,F,3,,0,27,Maji
1221,Name1221,,12,F,4,,0,24,Maji
2645,Name2645,,13,F,4,,0,26,
890,Name890,,8,M,4,,0,21,Maji
2246,Name2246,,10,F,2,,0,9,Maji
1634,Name1634,,4,F,4,,0,14,Maji
1906,Name1906,,9,F,7,,0,29,Maji
1941,Name1941,,11,F,5,,0,27,Maji
2717,Name2717,,8,F,3,,0,16,
1651,Name1651,,13,M,4,,0,26,Maji
2022,Name2022,,14,F,0,,0,9,Maji
998,Name998,,9,F,4,,0,23,Maji
80,Name80,,10,F,4,,0,2,Maji
2095,Name2095,,12,F,4,,0,15,Maji
379,Name379,,10,F,3,,0,29,Maji
1869,Name1869,,4,F,6,,0,8,Maji
2594,Name2594,,12,F,3,,0,5,Maji
1985,Name1985,,14,M,6,,0,7,Maji
405,Name405,,35,F,6,,0,3,Maji
1827,Name1827,,12,F,3,,0,5,Maji
2550,Name2550,,14,F,4,,0,13,Maji
742,Name742,,9,M,2,,0,3,Maji
2373,Name2373,,26,M,6,,0,23,Maji
272,Name272,,13,F,1,,0,5,Maji
396,Name396,,23,F,7,,0,20,Maji
2740,Name2740,,11,M,6,,0,3,
640,Name640,,11,M,6,,0,14,Maji
1742,Name1742,,11,M,2,,0,29,Maji
1028,Name1028,,8,M,4,,0,23,Maji
2649,Name2649,,11,F,3,,0,24,
1956,Name1956,,12,M,1,,0,17,Maji
891,Name891,,10,M,3,,0,24,Maji
1903,Name1903,,13,F,4,,0,7,Maji
805,Name805,,12,M,4,,0,20,Maji
1134,Name1134,,10,F,0,,0,17,Maji
1158,Name1158,,13,F,4,,0,24,Maji
861,Name861,,13,F,6,,0,15,Maji
344,Name344,,11,F,0,,0,17,Maji
1567,Name1567,,9,M,2,,0,22,Maji
1057,Name1057,,9,F,1,,0,9,Maji
1637,Name1637,,8,F,7,,0,18,Maji
1183,Name1183,,12,M,1,,0,23,Maji
655,Name655,,8,F,7,,0,24,Maji
712,Name712,,12,F,6,,0,9,Maji
493,Name493,,12,M,5,,0,27,Maji
580,Name580,,8,M,3,,0,28,Maji
1959,Name1959,,11,M,3,,0,21,Maji
1415,Name1415,,14,F,5,,0,10,Maji
1530,Name1530,,9,F,4,,0,6,Maji
548,Name548,,8,F,1,,0,6,Maji
1986,Name1986,,14,M,6,,0,11,Maji
478,Name478,,12,M,5,,0,27,Maji
565,Name565,,9,M,6,,0,17,Maji
2837,Name2837,,13,F,6,,0,10,
756,Name756,,11,F,6,,0,11,Maji
1388,Name1388,,46,F,4,,0,20,Maji
2689,Name2689,,22,M,5,,0,15,
1590,Name1590,,13,F,1,,0,13,Maji
2610,Name2610,,10,F,4,,0,19,
443,Name443,,12,M,6,,0,16,Maji
728,Name728,,56,F,6,,0,4,Maji
1340,Name1340,,12,M,4,,0,12,Maji
1361,Name1361,,8,M,2,,0,29,Maji
352,Name352,,25,M,5,,0,14,Maji
1483,Name1483,,14,F,3,,0,21,Maji
1352,Name1352,,14,M,2,,0,12,Maji
455,Name455,,8,F,5,,0,26,Maji
740,Name740,,11,F,3,,0,12,Maji
1305,Name1305,,7,M,5,,0,21,Maji
1935,Name1935,,12,F,4,,0,9,Maji
1080,Name1080,,7,M,4,,0,23,Maji
2228,Name2228,,13,M,2,,0,28,Maji
2598,Regina Luwago,,49,F,3,2018.0,0,5,MiFiMa
954,Name954,,13,M,4,,0,11,Maji
2571,Name2571,,11,F,3,,0,21,Maji
959,Name959,,10,F,4,,0,29,Maji
1820,Name1820,,75,F,4,,0,6,Maji
402,Name402,,13,F,3,,0,3,Maji
2529,Name2529,,9,M,6,,0,23,Maji
2092,Name2092,,13,F,4,,0,22,Maji
956,Name956,,13,F,4,,0,11,Maji
2811,Name2811,,23,F,1,,0,18,
22,Name22,,13,F,2,,0,9,Maji
2097,Name2097,,8,F,8,,0,22,Maji
2395,Name2395,,10,F,3,,0,24,Maji
521,Name521,,10,F,3,,0,29,Maji
81,Name81,,8,M,6,,0,17,Maji
551,Name551,,9,F,3,,0,16,Maji
2500,Name2500,,7,M,0,,0,22,Maji
1320,Name1320,,10,F,1,,0,5,Maji
1817,Name1817,,10,M,4,,0,18,Maji
1144,Name1144,,10,M,3,,0,4,Maji
2616,Name2616,,12,F,4,,0,15,
928,Name928,,11,M,4,,0,17,Maji
2399,Name2399,,14,M,4,,0,27,Maji
497,Name497,,13,F,6,,0,8,Maji
1277,Name1277,,8,F,6,,0,13,Maji
1740,Name1740,,13,M,4,,0,23,Maji
2469,Name2469,,11,F,4,,0,15,Maji
984,Name984,,12,F,4,,0,12,Maji
2686,Name2686,,14,F,5,,0,6,
2501,Name2501,,11,F,5,,0,24,Maji
1118,Name1118,,14,F,3,,0,29,Maji
1815,Name1815,,27,M,1,,0,3,Maji
148,Name148,,12,M,4,,0,3,Maji
452,Name452,,12,F,3,,0,13,Maji
1159,Name1159,,10,F,3,,0,18,Maji
1399,Name1399,,12,M,4,,0,6,Maji
1284,Name1284,,11,M,6,,0,14,Maji
2813,Name2813,,15,F,5,,0,8,
363,Name363,,12,M,3,,0,15,Maji
2835,Name2835,,10,M,2,,0,17,
1037,Name1037,,56,M,7,,0,22,Maji
2255,Name2255,,15,F,2,,0,8,Maji
1232,Name1232,,40,M,4,,0,29,Maji
370,Name370,,14,M,1,,0,11,Maji
1773,Name1773,,7,M,3,,0,28,Maji
2238,Name2238,,12,F,2,,0,15,Maji
798,Name798,,12,F,4,,0,20,Maji
1550,Name1550,,11,F,2,,0,13,Maji
1381,Name1381,,9,F,7,,0,28,Maji
807,Name807,,9,F,6,,0,4,Maji
1573,Name1573,,13,M,6,,0,8,Maji
77,Name77,,9,M,5,,0,25,Maji
1719,Name1719,,7,F,5,,0,12,Maji
933,Name933,,31,F,5,,0,2,Maji
2038,Name2038,,14,F,6,,0,26,Maji
21,Name21,,27,F,1,,0,28,Maji
1690,Name1690,,9,F,2,,0,8,Maji
2195,Name2195,,3,M,2,,0,3,Maji
494,Name494,,40,M,2,,0,8,Maji
255,Name255,,56,F,7,,0,27,Maji
2344,Name2344,,12,M,2,,0,12,Maji
2094,Name2094,,15,F,6,,0,25,Maji
2504,Name2504,,60,M,3,,0,6,Maji
874,Name874,,10,F,6,,0,21,Maji
896,Name896,,11,F,6,,0,11,Maji
674,Name674,,12,M,5,,0,17,Maji
2419,Name2419,,12,F,2,,0,18,Maji
1125,Name1125,,13,M,1,,0,20,Maji
1890,Name1890,,9,F,5,,0,28,Maji
76,Name76,,12,M,6,,0,9,Maji
1129,Name1129,,27,F,5,,0,21,Maji
2,Name2,,11,M,4,,0,18,Maji
1597,Name1597,,13,F,5,,0,24,Maji
2596,Name2596,,25,F,5,,0,5,Maji
819,Name819,,15,F,5,,0,28,Maji
730,Name730,,7,F,3,,0,15,Maji
608,Name608,,10,F,6,,0,15,Maji
1802,Name1802,,12,M,1,,0,15,Maji
946,Name946,,25,F,5,,0,2,Maji
1163,Name1163,,40,M,6,,0,7,Maji
760,Name760,,13,F,1,,0,6,Maji
2574,Name2574,,12,F,6,,0,23,Maji
899,Name899,,12,F,1,,0,3,Maji
2696,Name2696,,61,M,6,,0,22,
1803,Name1803,,13,M,4,,0,25,Maji
2349,Name2349,,11,M,4,,0,22,Maji
1931,Name1931,,56,F,3,,0,25,Maji
1458,Name1458,,12,F,6,,0,6,Maji
2624,Name2624,,10,F,3,,0,28,
1261,Name1261,,10,M,5,,0,28,Maji
2636,Name2636,,8,M,1,,0,7,
238,Name238,,13,F,5,,0,28,Maji
559,Name559,,12,M,4,,0,16,Maji
1916,Name1916,,12,M,4,,0,2,Maji
568,Name568,,10,M,2,,0,3,Maji
1873,Name1873,,9,M,4,,0,15,Maji
2229,Name2229,,10,F,1,,0,24,Maji
2225,Name2225,,14,F,3,,0,25,Maji
1127,Name1127,,10,F,4,,0,27,Maji
2676,Name2676,,8,F,5,,0,10,
1730,Name1730,,13,M,8,,0,24,Maji
283,Name283,,39,F,6,,0,28,Maji
2471,Name2471,,90,M,3,,0,22,Maji
2032,Name2032,,12,M,6,,0,17,Maji
1970,Name1970,,27,F,3,,0,7,Maji
1994,Name1994,,10,F,7,,0,9,Maji
2711,Name2711,,78,F,6,,0,6,
597,Name597,,8,F,4,,0,8,Maji
1329,Name1329,,11,M,4,,0,9,Maji
1294,Name1294,,12,M,4,,0,12,Maji
749,Name749,,13,F,6,,0,20,Maji
2477,Name2477,,13,F,4,,0,26,Maji
167,Name167,,13,M,5,,0,12,Maji
1275,Name1275,,8,M,3,,0,9,Maji
1161,Name1161,,13,M,3,,0,3,Maji
1917,Name1917,,13,F,4,,0,6,Maji
351,Name351,,15,F,5,,0,14,Maji
2210,Name2210,,7,F,6,,0,23,Maji
2104,Name2104,,13,M,3,,0,6,Maji
528,Name528,,14,F,2,,0,24,Maji
422,Name422,,9,F,1,,0,4,Maji
1029,Name1029,,12,F,5,,0,24,Maji
1465,Name1465,,14,F,4,,0,8,Maji
70,Name70,,11,M,4,,0,4,Maji
1014,Name1014,,12,M,0,,0,3,Maji
609,Name609,,9,F,5,,0,15,Maji
1333,Name1333,,12,M,5,,0,15,Maji
1235,Name1235,,14,F,4,,0,13,Maji
1219,Name1219,,12,M,4,,0,23,Maji
1884,Name1884,,7,M,6,,0,8,Maji
782,Name782,,21,M,5,,0,18,Maji
1755,Name1755,,13,M,5,,0,22,Maji
2476,Name2476,,78,F,6,,0,13,Maji
2423,Name2423,,8,F,4,,0,14,Maji
2227,Name2227,,24,F,6,,0,29,Maji
2479,Name2479,,13,F,3,,0,14,Maji
2413,Name2413,,13,F,2,,0,14,Maji
129,Name129,,10,F,5,,0,14,Maji
690,Name690,,23,M,6,,0,4,Maji
1512,Name1512,,11,M,6,,0,20,Maji
2576,Name2576,,14,M,1,,0,22,Maji
435,Name435,,8,M,3,,0,10,Maji
1768,Name1768,,8,F,3,,0,5,Maji
1954,Name1954,,13,M,2,,0,3,Maji
872,Name872,,8,F,4,,0,2,Maji
1764,Name1764,,9,F,4,,0,18,Maji
303,Name303,,9,F,4,,0,29,Maji
2279,Name2279,,11,M,6,,0,4,Maji
2071,Name2071,,8,F,2,,0,14,Maji
2329,Name2329,,13,F,5,,0,7,Maji
259,Name259,,46,M,2,,0,4,Maji
1242,Name1242,,13,F,7,,0,17,Maji
1335,Name1335,,13,M,5,,0,12,Maji
1315,Name1315,,9,F,1,,0,6,Maji
1025,Name1025,,10,F,4,,0,3,Maji
2194,Name2194,,11,F,4,,0,17,Maji
67,Name67,,12,F,3,,0,5,Maji
161,Name161,,13,M,1,,0,8,Maji
1496,Name1496,,10,M,1,,0,27,Maji
2693,Name2693,,9,M,5,,0,11,
557,Name557,,11,F,2,,0,17,Maji
2587,Name2587,,11,F,1,,0,6,Maji
815,Name815,,12,F,2,,0,23,Maji
2148,Name2148,,13,F,3,,0,22,Maji
1756,Name1756,,12,F,3,,0,24,Maji
1748,Name1748,,11,M,6,,0,11,Maji
491,Name491,,41,F,1,,0,19,Maji
2494,Name2494,,10,M,4,,0,17,Maji
546,Name546,,9,M,6,,0,8,Maji
1584,Name1584,,12,M,0,,0,13,Maji
342,Name342,,9,F,4,,0,23,Maji
1767,Name1767,,13,M,5,,0,15,Maji
779,Name779,,12,F,3,,0,2,Maji
2178,Name2178,,14,F,2,,0,15,Maji
317,Name317,,13,F,3,,0,10,Maji
1712,Name1712,,12,M,4,,0,12,Maji
912,Name912,,12,F,6,,0,23,Maji
1630,Name1630,,11,F,6,,0,26,Maji
1537,Name1537,,7,M,5,,0,19,Maji
2536,Name2536,,14,M,4,,0,16,Maji
1420,Name1420,,13,F,0,,0,10,Maji
1250,Name1250,,14,M,6,,0,14,Maji
1680,Name1680,,11,F,4,,0,15,Maji
856,Name856,,25,M,0,,0,2,Maji
883,Name883,,61,M,4,,0,24,Maji
2041,Name2041,,13,F,1,,0,22,Maji
2824,Name2824,,9,M,7,,0,28,
1387,Name1387,,11,M,6,,0,14,Maji
1720,Name1720,,10,M,4,,0,29,Maji
1414,Name1414,,10,F,1,,0,23,Maji
2170,Name2170,,9,M,3,,0,22,Maji
2831,Name2831,,10,F,4,,0,3,
2781,Name2781,,9,F,4,,0,8,
1442,Name1442,,12,F,5,,0,8,Maji
2633,Name2633,,10,F,2,,0,8,
1445,Name1445,,12,F,4,,0,19,Maji
1197,Name1197,,11,M,1,,0,6,Maji
2239,Name2239,,7,F,7,,0,13,Maji
2845,Name2845,,11,M,2,,0,23,
395,Name395,,4,M,6,,0,27,Maji
2332,Name2332,,25,F,6,,0,23,Maji
2463,Name2463,,11,F,6,,0,22,Maji
1698,Name1698,,13,F,1,,0,9,Maji
1918,Name1918,,39,F,4,,0,7,Maji
2526,Name2526,,13,F,2,,0,7,Maji
885,Name885,,38,M,8,,0,7,Maji
628,Name628,,12,F,6,,0,10,Maji
1231,Name1231,,13,F,3,,0,8,Maji
771,Name771,,9,F,0,,0,27,Maji
1679,Name1679,,12,M,4,,0,11,Maji
347,Name347,,11,F,4,,0,21,Maji
224,Name224,,13,M,5,,0,24,Maji
1185,Name1185,,12,F,3,,0,10,Maji
1302,Name1302,,24,F,1,,0,15,Maji
1775,Name1775,,12,F,4,,0,18,Maji
792,Name792,,15,F,6,,0,9,Maji
2664,Name2664,,7,M,4,,0,9,
2401,Name2401,,13,F,6,,0,8,Maji
1865,Name1865,,37,F,2,,0,8,Maji
1452,Name1452,,9,F,5,,0,22,Maji
71,Name71,,48,F,2,,0,13,Maji
1418,Name1418,,49,M,1,,0,11,Maji
587,Name587,,9,M,6,,0,10,Maji
2172,Name2172,,4,M,4,,0,24,Maji
1048,Name1048,,8,F,2,,0,15,Maji
1480,Name1480,,12,F,5,,0,5,Maji
821,Name821,,10,F,2,,0,25,Maji
2390,Name2390,,23,M,3,,0,9,Maji
1596,Name1596,,56,F,6,,0,29,Maji
82,Name82,,13,F,5,,0,27,Maji
1574,Name1574,,12,M,4,,0,12,Maji
831,Name831,,39,F,3,,0,5,Maji
1650,Name1650,,9,M,3,,0,17,Maji
377,Name377,,12,F,3,,0,24,Maji
419,Name419,,13,F,4,,0,7,Maji
1632,Name1632,,45,F,5,,0,8,Maji
1750,Name1750,,11,F,7,,0,4,Maji
1946,Name1946,,10,M,6,,0,22,Maji
900,Name900,,45,M,6,,0,14,Maji
1497,Name1497,,13,M,3,,0,2,Maji
1604,Name1604,,27,F,3,,0,9,Maji
436,Name436,,12,M,3,,0,29,Maji
1707,Name1707,,40,F,6,,0,18,Maji
2443,Name2443,,12,F,3,,0,28,Maji
562,Name562,,9,M,4,,0,22,Maji
1737,Name1737,,11,M,5,,0,14,Maji
1435,Name1435,,12,F,2,,0,11,Maji
2122,Name2122,,21,F,4,,0,24,Maji
2211,Name2211,,13,F,6,,0,20,Maji
1085,Name1085,,9,F,2,,0,25,Maji
2166,Name2166,,10,F,6,,0,24,Maji
2830,Name2830,,13,M,2,,0,27,
1298,Name1298,,11,M,5,,0,22,Maji
160,Name160,,30,F,2,,0,14,Maji
2308,Name2308,,11,M,3,,0,5,Maji
631,Name631,,11,F,2,,0,19,Maji
1829,Name1829,,12,M,2,,0,12,Maji
38,Name38,,7,F,7,,0,20,Maji
411,Name411,,40,F,2,,0,10,Maji
415,Name415,,7,F,1,,0,3,Maji
1774,Name1774,,12,F,5,,0,19,Maji
1115,Name1115,,11,F,6,,0,26,Maji
1297,Name1297,,12,F,1,,0,22,Maji
2040,Name2040,,9,F,5,,0,10,Maji
1955,Name1955,,12,M,3,,0,12,Maji
1436,Name1436,,8,M,6,,0,13,Maji
1811,Name1811,,11,F,1,,0,10,Maji
1617,Name1617,,9,F,4,,0,10,Maji
475,Name475,,11,M,6,,0,29,Maji
696,Name696,,9,M,3,,0,24,Maji
1734,Name1734,,11,F,6,,0,4,Maji
2757,Name2757,,13,M,3,,0,26,
147,Name147,,14,M,2,,0,17,Maji
36,Name36,,53,F,2,,0,14,Maji
2487,Name2487,,13,F,2,,0,27,Maji
2177,Name2177,,12,F,4,,0,17,Maji
957,Name957,,11,M,2,,0,26,Maji
598,Name598,,13,M,8,,0,14,Maji
1220,Name1220,,11,M,4,,0,7,Maji
2737,Name2737,,9,F,2,,0,19,
2316,Name2316,,13,F,4,,0,24,Maji
644,Name644,,12,M,7,,0,13,Maji
1111,Name1111,,12,F,3,,0,26,Maji
514,Name514,,12,M,1,,0,9,Maji
1300,Name1300,,11,F,4,,0,7,Maji
1018,Name1018,,13,F,6,,0,21,Maji
979,Name979,,12,F,2,,0,25,Maji
1474,Name1474,,10,F,6,,0,12,Maji
2498,Name2498,,49,M,3,,0,10,Maji
980,Name980,,11,M,1,,0,19,Maji
2705,Name2705,,13,F,3,,0,20,
615,Name615,,13,M,3,,0,9,Maji
1832,Name1832,,7,M,7,,0,2,Maji
713,Name713,,9,F,4,,0,23,Maji
187,Name187,,9,F,3,,0,4,Maji
736,Name736,,14,M,2,,0,20,Maji
157,Name157,,13,F,3,,0,21,Maji
314,Name314,,14,F,4,,0,21,Maji
290,Name290,,13,F,3,,0,24,Maji
1283,Name1283,,9,M,4,,0,19,Maji
1821,Name1821,,9,F,2,,0,11,Maji
1034,Name1034,,34,M,4,,0,13,Maji
1124,Name1124,,11,F,6,,0,12,Maji
2311,Name2311,,11,M,6,,0,10,Maji
1733,Name1733,,11,F,5,,0,13,Maji
932,Name932,,8,F,5,,0,29,Maji
1422,Name1422,,30,M,5,,0,25,Maji
1143,Name1143,,9,F,1,,0,27,Maji
843,Name843,,40,F,5,,0,7,Maji
1060,Name1060,,14,F,4,,0,25,Maji
2079,Name2079,,13,M,4,,0,17,Maji
453,Name453,,9,F,5,,0,23,Maji
2431,Name2431,,4,F,3,,0,15,Maji
441,Name441,,12,F,6,,0,3,Maji
63,Name63,,10,M,3,,0,8,Maji
1386,Name1386,,12,F,1,,0,20,Maji
2660,Name2660,,12,F,2,,0,21,
1642,Name1642,,12,F,4,,0,20,Maji
1926,Name1926,,13,M,4,,0,4,Maji
469,Name469,,8,M,5,,0,24,Maji
371,Name371,,25,F,6,,0,10,Maji
2457,Name2457,,12,M,4,,0,3,Maji
1205,Name1205,,30,F,4,,0,12,Maji
1446,Name1446,,13,M,5,,0,29,Maji
509,Name509,,15,F,6,,0,22,Maji
2628,Name2628,,12,M,5,,0,7,
761,Name761,,46,M,5,,0,15,Maji
881,Name881,,13,M,2,,0,9,Maji
1640,Name1640,,9,F,7,,0,21,Maji
277,Name277,,12,F,2,,0,21,Maji
2100,Name2100,,9,M,3,,0,18,Maji
2805,Name2805,,10,F,2,,0,23,
643,Name643,,13,M,6,,0,6,Maji
1716,Name1716,,9,M,4,,0,26,Maji
2559,Name2559,,11,F,3,,0,11,Maji
618,Name618,,11,M,6,,0,15,Maji
915,Name915,,13,F,4,,0,15,Maji
2444,Name2444,,12,F,5,,0,8,Maji
16,Name16,,7,M,1,,0,10,Maji
1179,Name1179,,14,M,2,,0,11,Maji
955,Name955,,12,F,6,,0,3,Maji
964,Name964,,8,F,4,,0,14,Maji
11,Name11,,13,F,2,,0,5,Maji
1938,Name1938,,8,F,4,,0,28,Maji
1451,Name1451,,12,F,3,,0,13,Maji
2051,Name2051,,10,M,5,,0,2,Maji
1117,Name1117,,13,M,2,,0,22,Maji
2133,Name2133,,10,F,4,,0,18,Maji
1547,Name1547,,90,F,2,,0,21,Maji
1838,Name1838,,13,F,3,,0,10,Maji
2224,Name2224,,11,M,4,,0,25,Maji
906,Name906,,25,F,6,,0,21,Maji
1104,Name1104,,9,F,8,,0,3,Maji
2045,Name2045,,13,F,4,,0,19,Maji
710,Name710,,12,F,4,,0,14,Maji
2567,Name2567,,13,F,1,,0,6,Maji
884,Name884,,12,M,5,,0,26,Maji
141,Name141,,11,F,8,,0,2,Maji
1793,Name1793,,9,F,4,,0,18,Maji
2635,Name2635,,23,F,4,,0,24,
558,Name558,,14,M,3,,0,24,Maji
826,Name826,,9,F,6,,0,9,Maji
2088,Name2088,,8,F,6,,0,22,Maji
1644,Name1644,,11,M,4,,0,9,Maji
708,Name708,,14,M,5,,0,27,Maji
705,Name705,,12,M,2,,0,23,Maji
1243,Name1243,,35,M,2,,0,5,Maji
1963,Name1963,,15,M,4,,0,4,Maji
1809,Name1809,,15,M,4,,0,26,Maji
2537,Name2537,,10,M,5,,0,24,Maji
882,Name882,,12,F,1,,0,29,Maji
211,Name211,,9,F,2,,0,10,Maji
445,Name445,,7,F,2,,0,14,Maji
2366,Name2366,,13,M,2,,0,17,Maji
2489,Name2489,,25,F,3,,0,17,Maji
1460,Name1460,,9,F,5,,0,13,Maji
127,Name127,,50,F,6,,0,20,Maji
1218,Name1218,,13,F,1,,0,9,Maji
2603,Laurent Kihanga,,24,M,4,2018.0,0,23,MiFiMa
1123,Name1123,,7,M,6,,0,21,Maji
2068,Name2068,,9,M,3,,0,4,Maji
1462,Name1462,,10,M,5,,0,14,Maji
287,Name287,,12,F,5,,0,27,Maji
1003,Name1003,,10,M,5,,0,7,Maji
734,Name734,,13,F,4,,0,4,Maji
2433,Name2433,,9,F,3,,0,29,Maji
9,Name9,,25,M,6,,0,14,Maji
1075,Name1075,,13,F,1,,0,28,Maji
626,Name626,,9,F,2,,0,8,Maji
2761,Name2761,,12,F,2,,0,15,
2713,Name2713,,13,F,2,,0,10,
503,Name503,,8,F,4,,0,26,Maji
265,Name265,,56,F,2,,0,2,Maji
2415,Name2415,,46,M,6,,0,16,Maji
226,Name226,,13,M,3,,0,28,Maji
1046,Name1046,,11,M,4,,0,4,Maji
927,Name927,,9,M,2,,0,10,Maji
2402,Name2402,,7,M,2,,0,10,Maji
2002,Name2002,,14,F,4,,0,10,Maji
466,Name466,,9,F,7,,0,10,Maji
2808,Name2808,,35,F,5,,0,10,
2545,Name2545,,12,F,3,,0,10,Maji
1754,Name1754,,14,M,6,,0,10,Maji
778,Name778,,9,F,5,,0,10,Maji
2019,Name2019,,19,F,4,,0,10,Maji
1216,Name1216,,8,F,6,,0,10,Maji
1448,Name1448,,12,M,4,,0,3,Maji
1964,Name1964,,13,M,5,,0,3,Maji
1905,Name1905,,12,F,2,,0,3,Maji
1824,Name1824,,13,M,2,,0,18,Maji
474,Name474,,13,F,5,,0,18,Maji
1599,Name1599,,10,F,4,,0,18,Maji
1325,Name1325,,13,F,3,,0,18,Maji
297,Name297,,12,F,0,,0,18,Maji
635,Name635,,13,F,3,,0,18,Maji
1937,Name1937,,12,F,6,,0,18,Maji
2024,Name2024,,15,M,5,,0,18,Maji
1536,Name1536,,12,M,2,,21,18,Maji
2728,Name2728,,13,F,6,,0,18,
2096,Name2096,,12,F,1,,0,18,Maji
1910,Name1910,,8,F,4,,0,18,Maji
1033,Name1033,,14,M,4,,21,18,Maji
2174,Name2174,,10,F,1,,0,18,Maji
791,Name791,,10,M,2,,0,18,Maji
583,Name583,,11,F,3,,0,18,Maji
117,Name117,,11,F,2,,0,18,Maji
322,Name322,,23,M,1,,12,18,Maji
2604,Name2604,,13,F,6,,0,16,
2525,Name2525,,9,F,4,,0,16,Maji
2748,Name2748,,8,M,3,,0,16,
425,Name425,,9,F,1,,0,16,Maji
822,Name822,,13,M,5,,0,16,Maji
717,Name717,,11,M,3,,0,16,Maji
345,Name345,,11,F,8,,0,16,Maji
1244,Name1244,,13,F,0,,0,16,Maji
2843,Name2843,,9,F,4,,0,16,
1944,Name1944,,12,M,3,,0,16,Maji
2718,Name2718,,9,M,3,,0,16,
1579,Name1579,,9,M,3,,0,16,Maji
2592,Name2592,,9,F,4,,0,16,Maji
228,Name228,,14,F,6,,0,16,Maji
324,Name324,,10,M,3,,18,16,Maji
215,Name215,,11,M,3,,0,16,Maji
555,Name555,,9,F,5,,0,16,Maji
358,Name358,,13,M,7,,0,16,Maji
1136,Name1136,,12,F,6,,0,16,Maji
2424,Name2424,,11,F,5,,0,16,Maji
1047,Name1047,,11,M,3,,0,16,Maji
1631,Name1631,,11,F,5,,0,16,Maji
603,Name603,,14,M,6,,0,16,Maji
1065,Name1065,,11,F,4,,0,16,Maji
2131,Name2131,,14,F,7,,23,16,Maji
1875,Name1875,,10,F,6,,0,16,Maji
2067,Name2067,,15,F,3,,18,16,Maji
31,Name31,,46,F,4,,0,16,Maji
186,Name186,,12,M,6,,0,16,Maji
1503,Name1503,,10,F,6,,0,16,Maji
1522,Name1522,,12,F,5,,0,16,Maji
2314,Name2314,,11,M,4,,0,16,Maji
1040,Name1040,,9,F,1,,0,16,Maji
2027,Name2027,,13,F,4,,0,16,Maji
917,Name917,,10,M,6,,0,16,Maji
2776,Name2776,,8,M,2,,0,16,
988,Name988,,11,M,5,,0,16,Maji
888,Name888,,12,M,8,,0,16,Maji
1952,Name1952,,8,F,5,,0,16,Maji
2325,Name2325,,13,F,2,,0,16,Maji
241,Name241,,11,F,2,,0,16,Maji
2073,Name2073,,10,F,6,,0,16,Maji
1413,Name1413,,9,F,5,,0,16,Maji
180,Name180,,37,M,6,,0,16,Maji
1313,Name1313,,21,F,3,,0,16,Maji
1155,Name1155,,12,M,6,,0,16,Maji
2176,Name2176,,8,F,2,,0,16,Maji
2080,Name2080,,10,F,3,,0,16,Maji
2593,Name2593,,23,M,1,,0,21,Maji
418,Name418,,13,F,6,,0,21,Maji
340,Name340,,15,M,3,,0,21,Maji
1732,Name1732,,12,M,2,,0,21,Maji
329,Name329,,11,F,2,,13,21,Maji
1816,Name1816,,13,F,4,,0,21,Maji
1533,Name1533,,7,M,3,,0,21,Maji
2083,Name2083,,12,M,1,,0,21,Maji
221,Name221,,40,M,5,,0,21,Maji
1169,Name1169,,13,M,6,,0,21,Maji
471,Name471,,23,M,4,,0,21,Maji
382,Name382,,13,M,2,,0,21,Maji
193,Name193,,13,F,4,,0,21,Maji
1529,Name1529,,22,F,1,,21,21,Maji
2322,Name2322,,9,F,1,,0,21,Maji
2171,Name2171,,13,M,3,,0,21,Maji
385,Name385,,15,F,3,,0,21,Maji
1131,Name1131,,14,M,1,,0,21,Maji
1629,Name1629,,11,M,3,,0,21,Maji
2319,Name2319,,10,M,4,,0,21,Maji
116,Name116,,8,F,3,,0,21,Maji
442,Name442,,10,M,7,,0,25,Maji
2297,Name2297,,37,F,2,,0,25,Maji
1251,Name1251,,8,M,3,,0,25,Maji
2188,Name2188,,10,F,7,,0,25,Maji
2626,Name2626,,13,F,6,,0,25,
1202,Name1202,,49,M,4,,0,25,Maji
1908,Name1908,,9,M,0,,0,25,Maji
539,Name539,,7,F,3,,0,25,Maji
672,Name672,,10,F,6,,0,25,Maji
766,Name766,,13,M,3,,17,25,Maji
2147,Name2147,,10,M,2,,0,25,Maji
1549,Name1549,,14,F,6,,0,25,Maji
2285,Name2285,,14,F,6,,0,25,Maji
2785,Name2785,,25,M,2,,0,25,
2778,Name2778,,12,F,6,,0,25,
85,Name85,,14,F,5,,0,25,Maji
2338,Name2338,,13,F,5,,0,25,Maji
2768,Name2768,,12,M,5,,0,25,
2256,Name2256,,9,F,5,,0,25,Maji
2456,Name2456,,12,F,5,,0,25,Maji
1662,Name1662,,10,F,7,,0,25,Maji
2072,Name2072,,46,M,4,,0,25,Maji
1831,Name1831,,37,F,7,,0,25,Maji
2569,Name2569,,8,F,4,,0,25,Maji
698,Name698,,10,F,3,,0,25,Maji
1661,Name1661,,60,F,6,,0,16,Maji
2168,Name2168,,8,F,6,,0,16,Maji
2400,Name2400,,7,M,0,,16,16,Maji
1606,Name1606,,12,M,6,,0,16,Maji
724,Name724,,8,M,4,,0,16,Maji
2749,Name2749,,48,F,7,,0,16,
485,Name485,,13,M,1,,0,16,Maji
1633,Name1633,,12,F,1,,0,16,Maji
1288,Name1288,,13,F,2,,0,16,Maji
420,Name420,,12,F,3,,0,16,Maji
1725,Name1725,,35,F,4,,0,16,Maji
338,Name338,,10,M,2,,0,16,Maji
72,Name72,,8,M,4,,0,16,Maji
1323,Name1323,,11,F,4,,0,16,Maji
2353,Name2353,,10,F,4,,0,16,Maji
1649,Name1649,,10,M,4,,0,16,Maji
2362,Name2362,,10,F,6,,2,13,Maji
2223,Name2223,,12,F,4,,0,13,Maji
1625,Name1625,,38,M,3,,0,13,Maji
1203,Name1203,,10,M,1,,0,13,Maji
1292,Name1292,,12,M,2,,0,13,Maji
1358,Name1358,,13,F,5,,21,13,Maji
140,Name140,,11,M,3,,0,13,Maji
150,Name150,,14,F,5,,0,13,Maji
686,Name686,,13,M,4,,0,13,Maji
1895,Name1895,,13,M,2,,17,13,Maji
460,Name460,,40,M,6,,0,13,Maji
1463,Name1463,,9,F,4,,0,13,Maji
1058,Name1058,,32,M,5,,0,13,Maji
423,Name423,,10,F,4,,14,16,Maji
1676,Name1676,,12,F,4,,0,16,Maji
2383,Name2383,,60,M,6,,0,16,Maji
2789,Name2789,,7,M,1,,0,16,
975,Name975,,10,M,3,,0,16,Maji
1700,Name1700,,13,M,3,,0,16,Maji
2681,Name2681,,12,M,6,,0,16,
2193,Name2193,,13,F,4,,14,16,Maji
1032,Name1032,,13,M,4,,0,16,Maji
284,Name284,,10,M,2,,0,16,Maji
1627,Name1627,,9,M,2,,0,16,Maji
1012,Name1012,,21,F,4,,0,16,Maji
430,Name430,,11,M,2,,0,16,Maji
2012,Name2012,,11,M,4,,0,16,Maji
1045,Name1045,,7,M,5,,0,16,Maji
2706,Name2706,,30,F,6,,0,16,
2684,Name2684,,9,F,4,,0,27,
240,Name240,,60,F,5,,0,27,Maji
242,Name242,,9,M,4,,0,27,Maji
1348,Name1348,,27,M,6,,0,27,Maji
1182,Name1182,,12,M,3,,17,27,Maji
463,Name463,,10,M,5,,0,27,Maji
961,Name961,,9,M,5,,0,27,Maji
945,Name945,,12,F,4,,0,27,Maji
2492,Name2492,,9,F,2,,0,27,Maji
325,Name325,,12,M,2,,0,27,Maji
1276,Name1276,,12,M,6,,0,27,Maji
1444,Name1444,,11,F,1,,0,27,Maji
1825,Name1825,,13,F,1,,0,27,Maji
2488,Name2488,,41,F,6,,0,27,Maji
1397,Name1397,,13,F,3,,0,27,Maji
770,Name770,,25,F,2,,0,27,Maji
275,Name275,,8,M,4,,0,27,Maji
1790,Name1790,,10,M,5,,0,27,Maji
2163,Name2163,,13,M,6,,0,27,Maji
1479,Name1479,,6,F,0,,0,27,Maji
2606,Name2606,,49,F,2,,0,27,
2418,Name2418,,12,F,1,,0,27,Maji
1367,Name1367,,9,F,6,,0,27,Maji
777,Name777,,10,F,6,,0,27,Maji
1236,Name1236,,10,F,4,,0,27,Maji
2508,Name2508,,13,F,5,,15,27,Maji
2006,Name2006,,15,M,6,,0,27,Maji
